location,target_type,model,forecast_date,weights
CZ,Cases,mech_ensemble,2021-04-12,0.35
CZ,Deaths,mech_ensemble,2021-04-12,0.318181818181818
DE,Cases,mech_ensemble,2021-04-12,0.333333333333333
DE,Deaths,mech_ensemble,2021-04-12,0.333333333333333
FR,Cases,mech_ensemble,2021-04-12,0.598684582242707
FR,Deaths,mech_ensemble,2021-04-12,0.298867900800417
GB,Cases,mech_ensemble,2021-04-12,0.785714285714286
GB,Deaths,mech_ensemble,2021-04-12,0.277777777777778
PL,Cases,mech_ensemble,2021-04-12,0.754377598460514
PL,Deaths,mech_ensemble,2021-04-12,0.291666666666667
CZ,Cases,semi_ensemble,2021-04-12,0.65
CZ,Deaths,semi_ensemble,2021-04-12,0.636363636363636
DE,Cases,semi_ensemble,2021-04-12,0.412251597712748
DE,Deaths,semi_ensemble,2021-04-12,0.373825503355705
FR,Cases,semi_ensemble,2021-04-12,0.222850322673934
FR,Deaths,semi_ensemble,2021-04-12,0.461858204316677
GB,Cases,semi_ensemble,2021-04-12,0.214285714285714
GB,Deaths,semi_ensemble,2021-04-12,0.387706855791962
PL,Cases,semi_ensemble,2021-04-12,0.245622401539486
PL,Deaths,semi_ensemble,2021-04-12,0.383888347034508
CZ,Deaths,stat_ensemble,2021-04-12,0.0454545454545455
DE,Cases,stat_ensemble,2021-04-12,0.254415068953918
DE,Deaths,stat_ensemble,2021-04-12,0.292841163310962
FR,Cases,stat_ensemble,2021-04-12,0.17846509508336
FR,Deaths,stat_ensemble,2021-04-12,0.239273894882906
GB,Deaths,stat_ensemble,2021-04-12,0.33451536643026
PL,Deaths,stat_ensemble,2021-04-12,0.324444986298825
CZ,Cases,mech_ensemble,2021-04-19,0.35
CZ,Deaths,mech_ensemble,2021-04-19,0.318181818181818
DE,Cases,mech_ensemble,2021-04-19,0.333333333333333
DE,Deaths,mech_ensemble,2021-04-19,0.478950087517606
FR,Cases,mech_ensemble,2021-04-19,0.439139800035846
FR,Deaths,mech_ensemble,2021-04-19,0.415765338124403
GB,Cases,mech_ensemble,2021-04-19,0.785714285714286
GB,Deaths,mech_ensemble,2021-04-19,0.277777777777778
PL,Cases,mech_ensemble,2021-04-19,0.818181818181818
PL,Deaths,mech_ensemble,2021-04-19,0.291666666666667
CZ,Cases,semi_ensemble,2021-04-19,0.65
CZ,Deaths,semi_ensemble,2021-04-19,0.625552825552825
DE,Cases,semi_ensemble,2021-04-19,0.371588083211813
DE,Deaths,semi_ensemble,2021-04-19,0.293889749357081
FR,Cases,semi_ensemble,2021-04-19,0.223839556586976
FR,Deaths,semi_ensemble,2021-04-19,0.289228237003113
GB,Cases,semi_ensemble,2021-04-19,0.214285714285714
GB,Deaths,semi_ensemble,2021-04-19,0.388888888888889
PL,Cases,semi_ensemble,2021-04-19,0.181818181818182
PL,Deaths,semi_ensemble,2021-04-19,0.366782878171606
CZ,Deaths,stat_ensemble,2021-04-19,0.0562653562653563
DE,Cases,stat_ensemble,2021-04-19,0.295078583454854
DE,Deaths,stat_ensemble,2021-04-19,0.227160163125313
FR,Cases,stat_ensemble,2021-04-19,0.337020643377178
FR,Deaths,stat_ensemble,2021-04-19,0.295006424872484
GB,Deaths,stat_ensemble,2021-04-19,0.333333333333334
PL,Deaths,stat_ensemble,2021-04-19,0.341550455161728
CZ,Cases,mech_ensemble,2021-04-26,0.423828527291452
CZ,Deaths,mech_ensemble,2021-04-26,0.3
DE,Cases,mech_ensemble,2021-04-26,0.690603577758276
DE,Deaths,mech_ensemble,2021-04-26,0.36601464036579
FR,Cases,mech_ensemble,2021-04-26,0.25
FR,Deaths,mech_ensemble,2021-04-26,0.25
GB,Cases,mech_ensemble,2021-04-26,0.699308755760369
GB,Deaths,mech_ensemble,2021-04-26,0.25
PL,Cases,mech_ensemble,2021-04-26,0.318181818181818
PL,Deaths,mech_ensemble,2021-04-26,0.272727272727273
CZ,Cases,semi_ensemble,2021-04-26,0.576171472708548
CZ,Deaths,semi_ensemble,2021-04-26,0.512406015037594
DE,Cases,semi_ensemble,2021-04-26,0.142857142857143
DE,Deaths,semi_ensemble,2021-04-26,0.452741221642534
FR,Cases,semi_ensemble,2021-04-26,0.572242051250858
FR,Deaths,semi_ensemble,2021-04-26,0.213732693709011
GB,Cases,semi_ensemble,2021-04-26,0.300691244239632
GB,Deaths,semi_ensemble,2021-04-26,0.333333333333334
PL,Cases,semi_ensemble,2021-04-26,0.681818181818182
PL,Deaths,semi_ensemble,2021-04-26,0.35692495424039
CZ,Deaths,stat_ensemble,2021-04-26,0.187593984962406
DE,Cases,stat_ensemble,2021-04-26,0.166539279384581
DE,Deaths,stat_ensemble,2021-04-26,0.181244137991676
FR,Cases,stat_ensemble,2021-04-26,0.177757948749142
FR,Deaths,stat_ensemble,2021-04-26,0.536267306290989
GB,Deaths,stat_ensemble,2021-04-26,0.416666666666667
PL,Deaths,stat_ensemble,2021-04-26,0.370347773032337
CZ,Cases,mech_ensemble,2021-05-03,0.561489576685812
CZ,Deaths,mech_ensemble,2021-05-03,0.3
DE,Cases,mech_ensemble,2021-05-03,0.307692307692308
DE,Deaths,mech_ensemble,2021-05-03,0.342364532019704
FR,Cases,mech_ensemble,2021-05-03,0.214285714285714
FR,Deaths,mech_ensemble,2021-05-03,0.25
GB,Cases,mech_ensemble,2021-05-03,0.75
GB,Deaths,mech_ensemble,2021-05-03,0.25
PL,Cases,mech_ensemble,2021-05-03,0.3
PL,Deaths,mech_ensemble,2021-05-03,0.272727272727273
CZ,Cases,semi_ensemble,2021-05-03,0.438510423314188
CZ,Deaths,semi_ensemble,2021-05-03,0.292857142857143
DE,Cases,semi_ensemble,2021-05-03,0.353842319931343
DE,Deaths,semi_ensemble,2021-05-03,0.62192118226601
FR,Cases,semi_ensemble,2021-05-03,0.664477309636334
FR,Deaths,semi_ensemble,2021-05-03,0.1875
GB,Cases,semi_ensemble,2021-05-03,0.25
GB,Deaths,semi_ensemble,2021-05-03,0.6875
PL,Cases,semi_ensemble,2021-05-03,0.7
PL,Deaths,semi_ensemble,2021-05-03,0.530290046999559
CZ,Deaths,stat_ensemble,2021-05-03,0.407142857142857
DE,Cases,stat_ensemble,2021-05-03,0.338465372376349
DE,Deaths,stat_ensemble,2021-05-03,0.0357142857142857
FR,Cases,stat_ensemble,2021-05-03,0.121236976077952
FR,Deaths,stat_ensemble,2021-05-03,0.5625
GB,Deaths,stat_ensemble,2021-05-03,0.0625
PL,Deaths,stat_ensemble,2021-05-03,0.196982680273169
CZ,Cases,mech_ensemble,2021-05-10,0.635584871203383
CZ,Deaths,mech_ensemble,2021-05-10,0.459750173490632
DE,Cases,mech_ensemble,2021-05-10,0.285714285714286
DE,Deaths,mech_ensemble,2021-05-10,0.475839828881801
FR,Cases,mech_ensemble,2021-05-10,0.200364161351491
FR,Deaths,mech_ensemble,2021-05-10,0.222222222222222
GB,Cases,mech_ensemble,2021-05-10,0.714285714285714
GB,Deaths,mech_ensemble,2021-05-10,0.222222222222222
PL,Cases,mech_ensemble,2021-05-10,0.272727272727273
PL,Deaths,mech_ensemble,2021-05-10,0.25
CZ,Cases,semi_ensemble,2021-05-10,0.308859573241061
CZ,Deaths,semi_ensemble,2021-05-10,0.449340735600277
DE,Cases,semi_ensemble,2021-05-10,0.225498287821582
DE,Deaths,semi_ensemble,2021-05-10,0.225518489286172
FR,Cases,semi_ensemble,2021-05-10,0.674635838648509
FR,Deaths,semi_ensemble,2021-05-10,0.166666666666667
GB,Cases,semi_ensemble,2021-05-10,0.214285714285714
GB,Deaths,semi_ensemble,2021-05-10,0.654320987654321
PL,Cases,semi_ensemble,2021-05-10,0.681818181818182
PL,Deaths,semi_ensemble,2021-05-10,0.609200816454703
CZ,Deaths,stat_ensemble,2021-05-10,0.0909090909090909
DE,Cases,stat_ensemble,2021-05-10,0.488787426464132
DE,Deaths,stat_ensemble,2021-05-10,0.298641681832028
FR,Cases,stat_ensemble,2021-05-10,0.125
FR,Deaths,stat_ensemble,2021-05-10,0.611111111111111
GB,Deaths,stat_ensemble,2021-05-10,0.123456790123457
PL,Deaths,stat_ensemble,2021-05-10,0.140799183545297
CZ,Cases,mech_ensemble,2021-05-17,0.37646437487997
CZ,Deaths,mech_ensemble,2021-05-17,0.465709728867624
DE,Cases,mech_ensemble,2021-05-17,0.266666666666667
DE,Deaths,mech_ensemble,2021-05-17,0.666477272727273
FR,Cases,mech_ensemble,2021-05-17,0.666666666666667
FR,Deaths,mech_ensemble,2021-05-17,0.222222222222222
GB,Cases,mech_ensemble,2021-05-17,0.6875
GB,Deaths,mech_ensemble,2021-05-17,0.222222222222222
PL,Cases,mech_ensemble,2021-05-17,0.254026053954252
PL,Deaths,mech_ensemble,2021-05-17,0.25
CZ,Cases,semi_ensemble,2021-05-17,0.52353562512003
CZ,Deaths,semi_ensemble,2021-05-17,0.443381180223285
DE,Cases,semi_ensemble,2021-05-17,0.163346245397833
DE,Deaths,semi_ensemble,2021-05-17,0.133333333333333
FR,Cases,semi_ensemble,2021-05-17,0.166666666666667
FR,Deaths,semi_ensemble,2021-05-17,0.166666666666667
GB,Cases,semi_ensemble,2021-05-17,0.1875
GB,Deaths,semi_ensemble,2021-05-17,0.613636363636364
PL,Cases,semi_ensemble,2021-05-17,0.662640612712415
PL,Deaths,semi_ensemble,2021-05-17,0.603214890016921
CZ,Deaths,stat_ensemble,2021-05-17,0.0909090909090909
DE,Cases,stat_ensemble,2021-05-17,0.569987087935501
DE,Deaths,stat_ensemble,2021-05-17,0.200189393939394
FR,Cases,stat_ensemble,2021-05-17,0.166666666666667
FR,Deaths,stat_ensemble,2021-05-17,0.611111111111111
GB,Deaths,stat_ensemble,2021-05-17,0.164141414141414
PL,Deaths,stat_ensemble,2021-05-17,0.146785109983079
CZ,Cases,mech_ensemble,2021-05-24,0.222222222222222
CZ,Deaths,mech_ensemble,2021-05-24,0.25
DE,Cases,mech_ensemble,2021-05-24,0.266666666666667
DE,Deaths,mech_ensemble,2021-05-24,0.792816091954023
FR,Cases,mech_ensemble,2021-05-24,0.166666666666667
FR,Deaths,mech_ensemble,2021-05-24,0.222222222222222
GB,Cases,mech_ensemble,2021-05-24,0.650667779632721
GB,Deaths,mech_ensemble,2021-05-24,0.222222222222222
PL,Cases,mech_ensemble,2021-05-24,0.270203042261122
PL,Deaths,mech_ensemble,2021-05-24,0.25
CZ,Cases,semi_ensemble,2021-05-24,0.666666666666667
CZ,Deaths,semi_ensemble,2021-05-24,0.430373831775701
DE,Cases,semi_ensemble,2021-05-24,0.133333333333333
DE,Deaths,semi_ensemble,2021-05-24,0.133333333333333
FR,Cases,semi_ensemble,2021-05-24,0.666666666666667
FR,Deaths,semi_ensemble,2021-05-24,0.28974358974359
GB,Cases,semi_ensemble,2021-05-24,0.224332220367279
GB,Deaths,semi_ensemble,2021-05-24,0.505952380952381
PL,Cases,semi_ensemble,2021-05-24,0.646463624405545
PL,Deaths,semi_ensemble,2021-05-24,0.543754972155927
CZ,Deaths,stat_ensemble,2021-05-24,0.319626168224299
DE,Cases,stat_ensemble,2021-05-24,0.6
DE,Deaths,stat_ensemble,2021-05-24,0.0738505747126437
FR,Cases,stat_ensemble,2021-05-24,0.166666666666667
FR,Deaths,stat_ensemble,2021-05-24,0.488034188034188
GB,Deaths,stat_ensemble,2021-05-24,0.271825396825397
PL,Deaths,stat_ensemble,2021-05-24,0.206245027844073
CZ,Cases,mech_ensemble,2021-05-31,0.25
CZ,Deaths,mech_ensemble,2021-05-31,0.3125
DE,Cases,mech_ensemble,2021-05-31,0.785714285714286
DE,Deaths,mech_ensemble,2021-05-31,0.815873015873016
FR,Cases,mech_ensemble,2021-05-31,0.276431588494884
FR,Deaths,mech_ensemble,2021-05-31,0.285714285714286
GB,Cases,mech_ensemble,2021-05-31,0.498504464285714
GB,Deaths,mech_ensemble,2021-05-31,0.25
PL,Cases,mech_ensemble,2021-05-31,0.272727272727273
PL,Deaths,mech_ensemble,2021-05-31,0.272727272727273
CZ,Cases,semi_ensemble,2021-05-31,0.625
CZ,Deaths,semi_ensemble,2021-05-31,0.30718085106383
DE,Cases,semi_ensemble,2021-05-31,0.107142857142857
DE,Deaths,semi_ensemble,2021-05-31,0.112698412698413
FR,Cases,semi_ensemble,2021-05-31,0.506500279993107
FR,Deaths,semi_ensemble,2021-05-31,0.431598062953995
GB,Cases,semi_ensemble,2021-05-31,0.358638392857143
GB,Deaths,semi_ensemble,2021-05-31,0.570652173913044
PL,Cases,semi_ensemble,2021-05-31,0.636363636363636
PL,Deaths,semi_ensemble,2021-05-31,0.485678704856787
CZ,Deaths,stat_ensemble,2021-05-31,0.380319148936171
DE,Cases,stat_ensemble,2021-05-31,0.107142857142857
DE,Deaths,stat_ensemble,2021-05-31,0.0714285714285714
FR,Cases,stat_ensemble,2021-05-31,0.217068131512009
FR,Deaths,stat_ensemble,2021-05-31,0.282687651331719
GB,Deaths,stat_ensemble,2021-05-31,0.179347826086957
PL,Deaths,stat_ensemble,2021-05-31,0.24159402241594
CZ,Cases,mech_ensemble,2021-06-07,0.222222222222222
CZ,Deaths,mech_ensemble,2021-06-07,0.25
DE,Cases,mech_ensemble,2021-06-07,0.341157728528732
DE,Deaths,mech_ensemble,2021-06-07,0.8
FR,Cases,mech_ensemble,2021-06-07,0.166666666666667
FR,Deaths,mech_ensemble,2021-06-07,0.259615384615385
GB,Cases,mech_ensemble,2021-06-07,0.197735188348206
GB,Deaths,mech_ensemble,2021-06-07,0.407407407407408
PL,Cases,mech_ensemble,2021-06-07,0.25
PL,Deaths,mech_ensemble,2021-06-07,0.25
CZ,Cases,semi_ensemble,2021-06-07,0.666666666666667
CZ,Deaths,semi_ensemble,2021-06-07,0.446747967479675
DE,Cases,semi_ensemble,2021-06-07,0.125
DE,Deaths,semi_ensemble,2021-06-07,0.133333333333333
FR,Cases,semi_ensemble,2021-06-07,0.166666666666667
FR,Deaths,semi_ensemble,2021-06-07,0.615384615384615
GB,Cases,semi_ensemble,2021-06-07,0.410382752951292
GB,Deaths,semi_ensemble,2021-06-07,0.481481481481481
PL,Cases,semi_ensemble,2021-06-07,0.521632981024785
PL,Deaths,semi_ensemble,2021-06-07,0.564920730483645
CZ,Cases,stat_ensemble,2021-06-07,0.111111111111111
CZ,Deaths,stat_ensemble,2021-06-07,0.303252032520325
DE,Cases,stat_ensemble,2021-06-07,0.533842271471268
DE,Deaths,stat_ensemble,2021-06-07,0.0666666666666667
FR,Cases,stat_ensemble,2021-06-07,0.666666666666667
FR,Deaths,stat_ensemble,2021-06-07,0.125
GB,Cases,stat_ensemble,2021-06-07,0.391882058700502
GB,Deaths,stat_ensemble,2021-06-07,0.111111111111111
PL,Cases,stat_ensemble,2021-06-07,0.228367018975215
PL,Deaths,stat_ensemble,2021-06-07,0.185079269516355
CZ,Cases,mech_ensemble,2021-06-14,0.222222222222222
CZ,Deaths,mech_ensemble,2021-06-14,0.315196548418025
DE,Cases,mech_ensemble,2021-06-14,0.380203322429607
DE,Deaths,mech_ensemble,2021-06-14,0.787804878048781
FR,Cases,mech_ensemble,2021-06-14,0.353577251679384
FR,Deaths,mech_ensemble,2021-06-14,0.698863636363637
GB,Cases,mech_ensemble,2021-06-14,0.1875
GB,Deaths,mech_ensemble,2021-06-14,0.702222222222222
PL,Cases,mech_ensemble,2021-06-14,0.227272727272727
PL,Deaths,mech_ensemble,2021-06-14,0.279110239081757
CZ,Cases,semi_ensemble,2021-06-14,0.666666666666667
CZ,Deaths,semi_ensemble,2021-06-14,0.4035953978907
DE,Cases,semi_ensemble,2021-06-14,0.125
DE,Deaths,semi_ensemble,2021-06-14,0.133333333333333
FR,Cases,semi_ensemble,2021-06-14,0.166666666666667
FR,Deaths,semi_ensemble,2021-06-14,0.125
GB,Cases,semi_ensemble,2021-06-14,0.407890888445393
GB,Deaths,semi_ensemble,2021-06-14,0.186666666666667
PL,Cases,semi_ensemble,2021-06-14,0.526623001493019
PL,Deaths,semi_ensemble,2021-06-14,0.612646410593194
CZ,Cases,stat_ensemble,2021-06-14,0.111111111111111
CZ,Deaths,stat_ensemble,2021-06-14,0.281208053691276
DE,Cases,stat_ensemble,2021-06-14,0.494796677570393
DE,Deaths,stat_ensemble,2021-06-14,0.0788617886178862
FR,Cases,stat_ensemble,2021-06-14,0.479756081653949
FR,Deaths,stat_ensemble,2021-06-14,0.176136363636364
GB,Cases,stat_ensemble,2021-06-14,0.404609111554607
GB,Deaths,stat_ensemble,2021-06-14,0.111111111111111
PL,Cases,stat_ensemble,2021-06-14,0.246104271234254
PL,Deaths,stat_ensemble,2021-06-14,0.108243350325049
CZ,Cases,mech_ensemble,2021-06-21,0.222222222222222
CZ,Deaths,mech_ensemble,2021-06-21,0.617346938775511
DE,Cases,mech_ensemble,2021-06-21,0.294402613221127
DE,Deaths,mech_ensemble,2021-06-21,0.757004160887656
FR,Cases,mech_ensemble,2021-06-21,0.666666666666667
FR,Deaths,mech_ensemble,2021-06-21,0.58149374540103
GB,Cases,mech_ensemble,2021-06-21,0.1875
GB,Deaths,mech_ensemble,2021-06-21,0.722222222222222
PL,Cases,mech_ensemble,2021-06-21,0.25
PL,Deaths,mech_ensemble,2021-06-21,0.42398558577154
CZ,Cases,semi_ensemble,2021-06-21,0.666666666666667
CZ,Deaths,semi_ensemble,2021-06-21,0.15
DE,Cases,semi_ensemble,2021-06-21,0.125
DE,Deaths,semi_ensemble,2021-06-21,0.133333333333333
FR,Cases,semi_ensemble,2021-06-21,0.166666666666667
FR,Deaths,semi_ensemble,2021-06-21,0.166666666666667
GB,Cases,semi_ensemble,2021-06-21,0.382271883868151
GB,Deaths,semi_ensemble,2021-06-21,0.166666666666667
PL,Cases,semi_ensemble,2021-06-21,0.666666666666667
PL,Deaths,semi_ensemble,2021-06-21,0.479513906806337
CZ,Cases,stat_ensemble,2021-06-21,0.111111111111111
CZ,Deaths,stat_ensemble,2021-06-21,0.23265306122449
DE,Cases,stat_ensemble,2021-06-21,0.580597386778873
DE,Deaths,stat_ensemble,2021-06-21,0.109662505779011
FR,Cases,stat_ensemble,2021-06-21,0.166666666666667
FR,Deaths,stat_ensemble,2021-06-21,0.251839587932303
GB,Cases,stat_ensemble,2021-06-21,0.430228116131849
GB,Deaths,stat_ensemble,2021-06-21,0.111111111111111
PL,Cases,stat_ensemble,2021-06-21,0.0833333333333333
PL,Deaths,stat_ensemble,2021-06-21,0.0965005074221236
CZ,Cases,mech_ensemble,2021-06-28,0.485714285714286
CZ,Deaths,mech_ensemble,2021-06-28,0.632352941176471
DE,Cases,mech_ensemble,2021-06-28,0.25
DE,Deaths,mech_ensemble,2021-06-28,0.713117546848381
FR,Cases,mech_ensemble,2021-06-28,0.166666666666667
FR,Deaths,mech_ensemble,2021-06-28,0.467757936507937
GB,Cases,mech_ensemble,2021-06-28,0.1875
GB,Deaths,mech_ensemble,2021-06-28,0.693961352657005
PL,Cases,mech_ensemble,2021-06-28,0.419075144508671
PL,Deaths,mech_ensemble,2021-06-28,0.6
CZ,Cases,semi_ensemble,2021-06-28,0.403174603174603
CZ,Deaths,semi_ensemble,2021-06-28,0.15
DE,Cases,semi_ensemble,2021-06-28,0.624316317228806
DE,Deaths,semi_ensemble,2021-06-28,0.133333333333333
FR,Cases,semi_ensemble,2021-06-28,0.666666666666667
FR,Deaths,semi_ensemble,2021-06-28,0.421130952380952
GB,Cases,semi_ensemble,2021-06-28,0.6875
GB,Deaths,semi_ensemble,2021-06-28,0.166666666666667
PL,Cases,semi_ensemble,2021-06-28,0.497591522157996
PL,Deaths,semi_ensemble,2021-06-28,0.316666666666667
CZ,Cases,stat_ensemble,2021-06-28,0.111111111111111
CZ,Deaths,stat_ensemble,2021-06-28,0.217647058823529
DE,Cases,stat_ensemble,2021-06-28,0.125683682771194
DE,Deaths,stat_ensemble,2021-06-28,0.153549119818285
FR,Cases,stat_ensemble,2021-06-28,0.166666666666667
FR,Deaths,stat_ensemble,2021-06-28,0.111111111111111
GB,Cases,stat_ensemble,2021-06-28,0.125
GB,Deaths,stat_ensemble,2021-06-28,0.139371980676329
PL,Cases,stat_ensemble,2021-06-28,0.0833333333333333
PL,Deaths,stat_ensemble,2021-06-28,0.0833333333333333
CZ,Cases,mech_ensemble,2021-07-05,0.609318996415771
CZ,Deaths,mech_ensemble,2021-07-05,0.65
DE,Cases,mech_ensemble,2021-07-05,0.235294117647059
DE,Deaths,mech_ensemble,2021-07-05,0.687784090909091
FR,Cases,mech_ensemble,2021-07-05,0.1875
FR,Deaths,mech_ensemble,2021-07-05,0.415135608048994
GB,Cases,mech_ensemble,2021-07-05,0.227402518779017
GB,Deaths,mech_ensemble,2021-07-05,0.548569527611444
PL,Cases,mech_ensemble,2021-07-05,0.500447227191413
PL,Deaths,mech_ensemble,2021-07-05,0.688888888888889
CZ,Cases,semi_ensemble,2021-07-05,0.279569892473118
CZ,Deaths,semi_ensemble,2021-07-05,0.15
DE,Cases,semi_ensemble,2021-07-05,0.647058823529412
DE,Deaths,semi_ensemble,2021-07-05,0.133333333333333
FR,Cases,semi_ensemble,2021-07-05,0.6875
FR,Deaths,semi_ensemble,2021-07-05,0.473753280839895
GB,Cases,semi_ensemble,2021-07-05,0.647597481220983
GB,Deaths,semi_ensemble,2021-07-05,0.166666666666667
PL,Cases,semi_ensemble,2021-07-05,0.416219439475254
PL,Deaths,semi_ensemble,2021-07-05,0.227777777777778
CZ,Cases,stat_ensemble,2021-07-05,0.111111111111111
CZ,Deaths,stat_ensemble,2021-07-05,0.2
DE,Cases,stat_ensemble,2021-07-05,0.117647058823529
DE,Deaths,stat_ensemble,2021-07-05,0.178882575757576
FR,Cases,stat_ensemble,2021-07-05,0.125
FR,Deaths,stat_ensemble,2021-07-05,0.111111111111111
GB,Cases,stat_ensemble,2021-07-05,0.125
GB,Deaths,stat_ensemble,2021-07-05,0.28476380572189
PL,Cases,stat_ensemble,2021-07-05,0.0833333333333333
PL,Deaths,stat_ensemble,2021-07-05,0.0833333333333333
CZ,Cases,mech_ensemble,2021-07-12,0.62324544142726
CZ,Deaths,mech_ensemble,2021-07-12,0.319055036344756
DE,Cases,mech_ensemble,2021-07-12,0.410905727851138
DE,Deaths,mech_ensemble,2021-07-12,0.694805194805195
FR,Cases,mech_ensemble,2021-07-12,0.353961481054443
FR,Deaths,mech_ensemble,2021-07-12,0.363351254480287
GB,Cases,mech_ensemble,2021-07-12,0.201433077345035
GB,Deaths,mech_ensemble,2021-07-12,0.59958071278826
PL,Cases,mech_ensemble,2021-07-12,0.455897262588712
PL,Deaths,mech_ensemble,2021-07-12,0.542806707855252
CZ,Cases,semi_ensemble,2021-07-12,0.166666666666667
CZ,Deaths,semi_ensemble,2021-07-12,0.564330218068536
DE,Cases,semi_ensemble,2021-07-12,0.445167392671775
DE,Deaths,semi_ensemble,2021-07-12,0.142857142857143
FR,Cases,semi_ensemble,2021-07-12,0.444311939462614
FR,Deaths,semi_ensemble,2021-07-12,0.525537634408602
GB,Cases,semi_ensemble,2021-07-12,0.673566922654965
GB,Deaths,semi_ensemble,2021-07-12,0.166666666666667
PL,Cases,semi_ensemble,2021-07-12,0.453193646502197
PL,Deaths,semi_ensemble,2021-07-12,0.366284201235657
CZ,Cases,stat_ensemble,2021-07-12,0.210087891906074
CZ,Deaths,stat_ensemble,2021-07-12,0.116614745586708
DE,Cases,stat_ensemble,2021-07-12,0.143926879477087
DE,Deaths,stat_ensemble,2021-07-12,0.162337662337662
FR,Cases,stat_ensemble,2021-07-12,0.201726579482942
FR,Deaths,stat_ensemble,2021-07-12,0.111111111111111
GB,Cases,stat_ensemble,2021-07-12,0.125
GB,Deaths,stat_ensemble,2021-07-12,0.233752620545073
PL,Cases,stat_ensemble,2021-07-12,0.0909090909090909
PL,Deaths,stat_ensemble,2021-07-12,0.0909090909090909
CZ,Cases,mech_ensemble,2021-07-19,0.539120474127198
CZ,Deaths,mech_ensemble,2021-07-19,0.59375
DE,Cases,mech_ensemble,2021-07-19,0.505818859117634
DE,Deaths,mech_ensemble,2021-07-19,0.335833617456529
FR,Cases,mech_ensemble,2021-07-19,0.423009977691157
FR,Deaths,mech_ensemble,2021-07-19,0.459216441875401
GB,Cases,mech_ensemble,2021-07-19,0.201467969034864
GB,Deaths,mech_ensemble,2021-07-19,0.713957759412305
PL,Cases,mech_ensemble,2021-07-19,0.692727272727273
PL,Deaths,mech_ensemble,2021-07-19,0.474025974025974
CZ,Cases,semi_ensemble,2021-07-19,0.166666666666667
CZ,Deaths,semi_ensemble,2021-07-19,0.15
DE,Cases,semi_ensemble,2021-07-19,0.133333333333333
DE,Deaths,semi_ensemble,2021-07-19,0.505080122741221
FR,Cases,semi_ensemble,2021-07-19,0.166666666666667
FR,Deaths,semi_ensemble,2021-07-19,0.429672447013488
GB,Cases,semi_ensemble,2021-07-19,0.673532030965136
GB,Deaths,semi_ensemble,2021-07-19,0.166666666666667
PL,Cases,semi_ensemble,2021-07-19,0.216363636363637
PL,Deaths,semi_ensemble,2021-07-19,0.435064935064935
CZ,Cases,stat_ensemble,2021-07-19,0.294212859206136
CZ,Deaths,stat_ensemble,2021-07-19,0.25625
DE,Cases,stat_ensemble,2021-07-19,0.360847807549033
DE,Deaths,stat_ensemble,2021-07-19,0.15908625980225
FR,Cases,stat_ensemble,2021-07-19,0.410323355642176
FR,Deaths,stat_ensemble,2021-07-19,0.111111111111111
GB,Cases,stat_ensemble,2021-07-19,0.125
GB,Deaths,stat_ensemble,2021-07-19,0.119375573921028
PL,Cases,stat_ensemble,2021-07-19,0.0909090909090909
PL,Deaths,stat_ensemble,2021-07-19,0.0909090909090909
CZ,Cases,mech_ensemble,2021-07-26,0.611417580791749
CZ,Deaths,mech_ensemble,2021-07-26,0.509825327510917
DE,Cases,mech_ensemble,2021-07-26,0.214285714285714
DE,Deaths,mech_ensemble,2021-07-26,0.552353845328949
FR,Cases,mech_ensemble,2021-07-26,0.1875
FR,Deaths,mech_ensemble,2021-07-26,0.722222222222222
GB,Cases,mech_ensemble,2021-07-26,0.61627595193493
GB,Deaths,mech_ensemble,2021-07-26,0.722222222222222
PL,Cases,mech_ensemble,2021-07-26,0.678543635352974
PL,Deaths,mech_ensemble,2021-07-26,0.3866930171278
CZ,Cases,semi_ensemble,2021-07-26,0.166666666666667
CZ,Deaths,semi_ensemble,2021-07-26,0.32467248908297
DE,Cases,semi_ensemble,2021-07-26,0.21844000625248
DE,Deaths,semi_ensemble,2021-07-26,0.258333184393487
FR,Cases,semi_ensemble,2021-07-26,0.332554469159032
FR,Deaths,semi_ensemble,2021-07-26,0.166666666666667
GB,Cases,semi_ensemble,2021-07-26,0.25872404806507
GB,Deaths,semi_ensemble,2021-07-26,0.166666666666667
PL,Cases,semi_ensemble,2021-07-26,0.2
PL,Deaths,semi_ensemble,2021-07-26,0.522397891963109
CZ,Cases,stat_ensemble,2021-07-26,0.221915752541585
CZ,Deaths,stat_ensemble,2021-07-26,0.165502183406114
DE,Cases,stat_ensemble,2021-07-26,0.567274279461806
DE,Deaths,stat_ensemble,2021-07-26,0.189312970277564
FR,Cases,stat_ensemble,2021-07-26,0.479945530840968
FR,Deaths,stat_ensemble,2021-07-26,0.111111111111111
GB,Cases,stat_ensemble,2021-07-26,0.125
GB,Deaths,stat_ensemble,2021-07-26,0.111111111111111
PL,Cases,stat_ensemble,2021-07-26,0.121456364647026
PL,Deaths,stat_ensemble,2021-07-26,0.0909090909090909
CZ,Cases,mech_ensemble,2021-08-02,0.222222222222222
CZ,Deaths,mech_ensemble,2021-08-02,0.615384615384615
DE,Cases,mech_ensemble,2021-08-02,0.214285714285714
DE,Deaths,mech_ensemble,2021-08-02,0.672077922077922
FR,Cases,mech_ensemble,2021-08-02,0.166666666666667
FR,Deaths,mech_ensemble,2021-08-02,0.644902634593356
GB,Cases,mech_ensemble,2021-08-02,0.1875
GB,Deaths,mech_ensemble,2021-08-02,0.722222222222222
PL,Cases,mech_ensemble,2021-08-02,0.612863974344421
PL,Deaths,mech_ensemble,2021-08-02,0.497542997542998
CZ,Cases,semi_ensemble,2021-08-02,0.661868372726734
CZ,Deaths,semi_ensemble,2021-08-02,0.284615384615385
DE,Cases,semi_ensemble,2021-08-02,0.557805296183486
DE,Deaths,semi_ensemble,2021-08-02,0.256493506493506
FR,Cases,semi_ensemble,2021-08-02,0.37376288448113
FR,Deaths,semi_ensemble,2021-08-02,0.166666666666667
GB,Cases,semi_ensemble,2021-08-02,0.230493459206734
GB,Deaths,semi_ensemble,2021-08-02,0.166666666666667
PL,Cases,semi_ensemble,2021-08-02,0.25184541378136
PL,Deaths,semi_ensemble,2021-08-02,0.411547911547912
CZ,Cases,stat_ensemble,2021-08-02,0.115909405051044
CZ,Deaths,stat_ensemble,2021-08-02,0.1
DE,Cases,stat_ensemble,2021-08-02,0.2279089895308
DE,Deaths,stat_ensemble,2021-08-02,0.0714285714285714
FR,Cases,stat_ensemble,2021-08-02,0.459570448852203
FR,Deaths,stat_ensemble,2021-08-02,0.188430698739977
GB,Cases,stat_ensemble,2021-08-02,0.582006540793266
GB,Deaths,stat_ensemble,2021-08-02,0.111111111111111
PL,Cases,stat_ensemble,2021-08-02,0.13529061187422
PL,Deaths,stat_ensemble,2021-08-02,0.0909090909090909
CZ,Cases,mech_ensemble,2021-08-09,0.222222222222222
CZ,Deaths,mech_ensemble,2021-08-09,0.625
DE,Cases,mech_ensemble,2021-08-09,0.274581178572312
DE,Deaths,mech_ensemble,2021-08-09,0.710371819960861
FR,Cases,mech_ensemble,2021-08-09,0.371652660231296
FR,Deaths,mech_ensemble,2021-08-09,0.504186602870814
GB,Cases,mech_ensemble,2021-08-09,0.1875
GB,Deaths,mech_ensemble,2021-08-09,0.722222222222222
PL,Cases,mech_ensemble,2021-08-09,0.2
PL,Deaths,mech_ensemble,2021-08-09,0.727272727272727
CZ,Cases,semi_ensemble,2021-08-09,0.666666666666667
CZ,Deaths,semi_ensemble,2021-08-09,0.275
DE,Cases,semi_ensemble,2021-08-09,0.500804550847187
DE,Deaths,semi_ensemble,2021-08-09,0.142857142857143
FR,Cases,semi_ensemble,2021-08-09,0.1875
FR,Deaths,semi_ensemble,2021-08-09,0.125
GB,Cases,semi_ensemble,2021-08-09,0.1875
GB,Deaths,semi_ensemble,2021-08-09,0.166666666666667
PL,Cases,semi_ensemble,2021-08-09,0.67947947947948
PL,Deaths,semi_ensemble,2021-08-09,0.181818181818182
CZ,Cases,stat_ensemble,2021-08-09,0.111111111111111
CZ,Deaths,stat_ensemble,2021-08-09,0.1
DE,Cases,stat_ensemble,2021-08-09,0.224614270580501
DE,Deaths,stat_ensemble,2021-08-09,0.146771037181996
FR,Cases,stat_ensemble,2021-08-09,0.440847339768704
FR,Deaths,stat_ensemble,2021-08-09,0.370813397129187
GB,Cases,stat_ensemble,2021-08-09,0.625
GB,Deaths,stat_ensemble,2021-08-09,0.111111111111111
PL,Cases,stat_ensemble,2021-08-09,0.120520520520521
PL,Deaths,stat_ensemble,2021-08-09,0.0909090909090909
CZ,Cases,mech_ensemble,2021-08-16,0.222222222222222
CZ,Deaths,mech_ensemble,2021-08-16,0.222222222222222
DE,Cases,mech_ensemble,2021-08-16,0.663040635686984
DE,Deaths,mech_ensemble,2021-08-16,0.381252627154266
FR,Cases,mech_ensemble,2021-08-16,0.337738356753819
FR,Deaths,mech_ensemble,2021-08-16,0.39453868103995
GB,Cases,mech_ensemble,2021-08-16,0.1875
GB,Deaths,mech_ensemble,2021-08-16,0.57791095890411
PL,Cases,mech_ensemble,2021-08-16,0.227272727272727
PL,Deaths,mech_ensemble,2021-08-16,0.7
CZ,Cases,semi_ensemble,2021-08-16,0.636336604222421
CZ,Deaths,semi_ensemble,2021-08-16,0.666666666666667
DE,Cases,semi_ensemble,2021-08-16,0.203626030979682
DE,Deaths,semi_ensemble,2021-08-16,0.153846153846154
FR,Cases,semi_ensemble,2021-08-16,0.1875
FR,Deaths,semi_ensemble,2021-08-16,0.1875
GB,Cases,semi_ensemble,2021-08-16,0.1875
GB,Deaths,semi_ensemble,2021-08-16,0.1875
PL,Cases,semi_ensemble,2021-08-16,0.681818181818182
PL,Deaths,semi_ensemble,2021-08-16,0.2
CZ,Cases,stat_ensemble,2021-08-16,0.141441173555357
CZ,Deaths,stat_ensemble,2021-08-16,0.111111111111111
DE,Cases,stat_ensemble,2021-08-16,0.133333333333333
DE,Deaths,stat_ensemble,2021-08-16,0.46490121899958
FR,Cases,stat_ensemble,2021-08-16,0.474761643246182
FR,Deaths,stat_ensemble,2021-08-16,0.417961318960051
GB,Cases,stat_ensemble,2021-08-16,0.625
GB,Deaths,stat_ensemble,2021-08-16,0.234589041095891
PL,Cases,stat_ensemble,2021-08-16,0.0909090909090909
PL,Deaths,stat_ensemble,2021-08-16,0.1
CZ,Cases,mech_ensemble,2021-08-23,0.591896407685881
CZ,Deaths,mech_ensemble,2021-08-23,0.372222222222222
DE,Cases,mech_ensemble,2021-08-23,0.556976576264333
DE,Deaths,mech_ensemble,2021-08-23,0.269230769230769
FR,Cases,mech_ensemble,2021-08-23,0.245082617971499
FR,Deaths,mech_ensemble,2021-08-23,0.339554794520548
GB,Cases,mech_ensemble,2021-08-23,0.1875
GB,Deaths,mech_ensemble,2021-08-23,0.442261904761905
PL,Cases,mech_ensemble,2021-08-23,0.684732824427481
PL,Deaths,mech_ensemble,2021-08-23,0.666666666666667
CZ,Cases,semi_ensemble,2021-08-23,0.296992481203008
CZ,Deaths,semi_ensemble,2021-08-23,0.516666666666667
DE,Cases,semi_ensemble,2021-08-23,0.309690090402334
DE,Deaths,semi_ensemble,2021-08-23,0.153846153846154
FR,Cases,semi_ensemble,2021-08-23,0.1875
FR,Deaths,semi_ensemble,2021-08-23,0.1875
GB,Cases,semi_ensemble,2021-08-23,0.230493459206734
GB,Deaths,semi_ensemble,2021-08-23,0.1875
PL,Cases,semi_ensemble,2021-08-23,0.21526717557252
PL,Deaths,semi_ensemble,2021-08-23,0.222222222222222
CZ,Cases,stat_ensemble,2021-08-23,0.111111111111111
CZ,Deaths,stat_ensemble,2021-08-23,0.111111111111111
DE,Cases,stat_ensemble,2021-08-23,0.133333333333333
DE,Deaths,stat_ensemble,2021-08-23,0.576923076923077
FR,Cases,stat_ensemble,2021-08-23,0.567417382028502
FR,Deaths,stat_ensemble,2021-08-23,0.472945205479452
GB,Cases,stat_ensemble,2021-08-23,0.582006540793266
GB,Deaths,stat_ensemble,2021-08-23,0.370238095238095
PL,Cases,stat_ensemble,2021-08-23,0.1
PL,Deaths,stat_ensemble,2021-08-23,0.111111111111111
CZ,Cases,mech_ensemble,2021-08-30,0.710413523147237
CZ,Deaths,mech_ensemble,2021-08-30,0.333333333333334
DE,Cases,mech_ensemble,2021-08-30,0.599453551912568
DE,Deaths,mech_ensemble,2021-08-30,0.295754446356856
FR,Cases,mech_ensemble,2021-08-30,0.442516902826728
FR,Deaths,mech_ensemble,2021-08-30,0.415545773212684
GB,Cases,mech_ensemble,2021-08-30,0.1875
GB,Deaths,mech_ensemble,2021-08-30,0.33309867417576
PL,Cases,mech_ensemble,2021-08-30,0.677771066143159
PL,Deaths,mech_ensemble,2021-08-30,0.727272727272727
CZ,Cases,semi_ensemble,2021-08-30,0.166666666666667
CZ,Deaths,semi_ensemble,2021-08-30,0.566666666666667
DE,Cases,semi_ensemble,2021-08-30,0.267213114754098
DE,Deaths,semi_ensemble,2021-08-30,0.142857142857143
FR,Cases,semi_ensemble,2021-08-30,0.1875
FR,Deaths,semi_ensemble,2021-08-30,0.166666666666667
GB,Cases,semi_ensemble,2021-08-30,0.202548548252169
GB,Deaths,semi_ensemble,2021-08-30,0.166666666666667
PL,Cases,semi_ensemble,2021-08-30,0.23131984294775
PL,Deaths,semi_ensemble,2021-08-30,0.181818181818182
CZ,Cases,stat_ensemble,2021-08-30,0.122919810186096
CZ,Deaths,stat_ensemble,2021-08-30,0.1
DE,Cases,stat_ensemble,2021-08-30,0.133333333333333
DE,Deaths,stat_ensemble,2021-08-30,0.561388410786001
FR,Cases,stat_ensemble,2021-08-30,0.369983097173272
FR,Deaths,stat_ensemble,2021-08-30,0.417787560120649
GB,Cases,stat_ensemble,2021-08-30,0.609951451747831
GB,Deaths,stat_ensemble,2021-08-30,0.500234659157574
PL,Cases,stat_ensemble,2021-08-30,0.0909090909090909
PL,Deaths,stat_ensemble,2021-08-30,0.0909090909090909
CZ,Cases,mech_ensemble,2021-09-06,0.696640826873385
CZ,Deaths,mech_ensemble,2021-09-06,0.583333333333334
DE,Cases,mech_ensemble,2021-09-06,0.472147905283169
DE,Deaths,mech_ensemble,2021-09-06,0.52785265049416
FR,Cases,mech_ensemble,2021-09-06,0.426194451205961
FR,Deaths,mech_ensemble,2021-09-06,0.415545773212684
GB,Cases,mech_ensemble,2021-09-06,0.1875
GB,Deaths,mech_ensemble,2021-09-06,0.357302867383513
PL,Cases,mech_ensemble,2021-09-06,0.687353918071103
PL,Deaths,mech_ensemble,2021-09-06,0.505050505050505
CZ,Cases,semi_ensemble,2021-09-06,0.192248062015504
CZ,Deaths,semi_ensemble,2021-09-06,0.316666666666666
DE,Cases,semi_ensemble,2021-09-06,0.155993611726858
DE,Deaths,semi_ensemble,2021-09-06,0.142857142857143
FR,Cases,semi_ensemble,2021-09-06,0.44880554879404
FR,Deaths,semi_ensemble,2021-09-06,0.166666666666667
GB,Cases,semi_ensemble,2021-09-06,0.590426832652325
GB,Deaths,semi_ensemble,2021-09-06,0.166666666666667
PL,Cases,semi_ensemble,2021-09-06,0.221736991019806
PL,Deaths,semi_ensemble,2021-09-06,0.404040404040404
CZ,Cases,stat_ensemble,2021-09-06,0.111111111111111
CZ,Deaths,stat_ensemble,2021-09-06,0.1
DE,Cases,stat_ensemble,2021-09-06,0.371858482989974
DE,Deaths,stat_ensemble,2021-09-06,0.329290206648698
FR,Cases,stat_ensemble,2021-09-06,0.125
FR,Deaths,stat_ensemble,2021-09-06,0.417787560120649
GB,Cases,stat_ensemble,2021-09-06,0.222073167347675
GB,Deaths,stat_ensemble,2021-09-06,0.476030465949821
PL,Cases,stat_ensemble,2021-09-06,0.0909090909090909
PL,Deaths,stat_ensemble,2021-09-06,0.0909090909090909
CZ,Cases,mech_ensemble,2021-09-13,0.64845277565247
CZ,Deaths,mech_ensemble,2021-09-13,0.5625
DE,Cases,mech_ensemble,2021-09-13,0.346300402738344
DE,Deaths,mech_ensemble,2021-09-13,0.285714285714286
FR,Cases,mech_ensemble,2021-09-13,0.34883637312765
FR,Deaths,mech_ensemble,2021-09-13,0.376834381551363
GB,Cases,mech_ensemble,2021-09-13,0.6875
GB,Deaths,mech_ensemble,2021-09-13,0.262388427208371
PL,Cases,mech_ensemble,2021-09-13,0.264309764309765
PL,Deaths,mech_ensemble,2021-09-13,0.227272727272727
CZ,Cases,semi_ensemble,2021-09-13,0.166666666666667
CZ,Deaths,semi_ensemble,2021-09-13,0.3375
DE,Cases,semi_ensemble,2021-09-13,0.133333333333333
DE,Deaths,semi_ensemble,2021-09-13,0.430429397192403
FR,Cases,semi_ensemble,2021-09-13,0.52616362687235
FR,Deaths,semi_ensemble,2021-09-13,0.166666666666667
GB,Cases,semi_ensemble,2021-09-13,0.1875
GB,Deaths,semi_ensemble,2021-09-13,0.166666666666667
PL,Cases,semi_ensemble,2021-09-13,0.644781144781145
PL,Deaths,semi_ensemble,2021-09-13,0.651515151515151
CZ,Cases,stat_ensemble,2021-09-13,0.184880557680864
CZ,Deaths,stat_ensemble,2021-09-13,0.1
DE,Cases,stat_ensemble,2021-09-13,0.520366263928322
DE,Deaths,stat_ensemble,2021-09-13,0.283856317093311
FR,Cases,stat_ensemble,2021-09-13,0.125
FR,Deaths,stat_ensemble,2021-09-13,0.456498951781971
GB,Cases,stat_ensemble,2021-09-13,0.125
GB,Deaths,stat_ensemble,2021-09-13,0.570944906124962
PL,Cases,stat_ensemble,2021-09-13,0.0909090909090909
PL,Deaths,stat_ensemble,2021-09-13,0.121212121212121
CZ,Cases,mech_ensemble,2021-09-20,0.561983278604532
CZ,Deaths,mech_ensemble,2021-09-20,0.416666666666667
DE,Cases,mech_ensemble,2021-09-20,0.233333333333333
DE,Deaths,mech_ensemble,2021-09-20,0.614906832298137
FR,Cases,mech_ensemble,2021-09-20,0.248753477384124
FR,Deaths,mech_ensemble,2021-09-20,0.288051161603538
GB,Cases,mech_ensemble,2021-09-20,0.283033375664736
GB,Deaths,mech_ensemble,2021-09-20,0.333722923484495
PL,Cases,mech_ensemble,2021-09-20,0.227272727272727
PL,Deaths,mech_ensemble,2021-09-20,0.227272727272727
CZ,Cases,semi_ensemble,2021-09-20,0.166666666666667
CZ,Deaths,semi_ensemble,2021-09-20,0.483333333333334
DE,Cases,semi_ensemble,2021-09-20,0.133333333333333
DE,Deaths,semi_ensemble,2021-09-20,0.142857142857143
FR,Cases,semi_ensemble,2021-09-20,0.626246522615876
FR,Deaths,semi_ensemble,2021-09-20,0.207938076024297
GB,Cases,semi_ensemble,2021-09-20,0.1875
GB,Deaths,semi_ensemble,2021-09-20,0.166666666666667
PL,Cases,semi_ensemble,2021-09-20,0.657128386933401
PL,Deaths,semi_ensemble,2021-09-20,0.619834710743802
CZ,Cases,stat_ensemble,2021-09-20,0.271350054728801
CZ,Deaths,stat_ensemble,2021-09-20,0.1
DE,Cases,stat_ensemble,2021-09-20,0.633333333333333
DE,Deaths,stat_ensemble,2021-09-20,0.24223602484472
FR,Cases,stat_ensemble,2021-09-20,0.125
FR,Deaths,stat_ensemble,2021-09-20,0.504010762372166
GB,Cases,stat_ensemble,2021-09-20,0.529466624335265
GB,Deaths,stat_ensemble,2021-09-20,0.499610409848839
PL,Cases,stat_ensemble,2021-09-20,0.115598885793872
PL,Deaths,stat_ensemble,2021-09-20,0.152892561983471
CZ,Cases,mech_ensemble,2021-09-27,0.54829188979022
CZ,Deaths,mech_ensemble,2021-09-27,0.392857142857143
DE,Cases,mech_ensemble,2021-09-27,0.25
DE,Deaths,mech_ensemble,2021-09-27,0.636675824175824
FR,Cases,mech_ensemble,2021-09-27,0.412769586267606
FR,Deaths,mech_ensemble,2021-09-27,0.222222222222222
GB,Cases,mech_ensemble,2021-09-27,0.420833333333334
GB,Deaths,mech_ensemble,2021-09-27,0.511883541295306
PL,Cases,mech_ensemble,2021-09-27,0.227272727272727
PL,Deaths,mech_ensemble,2021-09-27,0.255198259187621
CZ,Cases,semi_ensemble,2021-09-27,0.166666666666667
CZ,Deaths,semi_ensemble,2021-09-27,0.507142857142857
DE,Cases,semi_ensemble,2021-09-27,0.142857142857143
DE,Deaths,semi_ensemble,2021-09-27,0.291895604395604
FR,Cases,semi_ensemble,2021-09-27,0.462230413732395
FR,Deaths,semi_ensemble,2021-09-27,0.393470790378007
GB,Cases,semi_ensemble,2021-09-27,0.1875
GB,Deaths,semi_ensemble,2021-09-27,0.166666666666667
PL,Cases,semi_ensemble,2021-09-27,0.681818181818182
PL,Deaths,semi_ensemble,2021-09-27,0.579424564796906
CZ,Cases,stat_ensemble,2021-09-27,0.285041443543114
CZ,Deaths,stat_ensemble,2021-09-27,0.1
DE,Cases,stat_ensemble,2021-09-27,0.607142857142857
DE,Deaths,stat_ensemble,2021-09-27,0.0714285714285714
FR,Cases,stat_ensemble,2021-09-27,0.125
FR,Deaths,stat_ensemble,2021-09-27,0.384306987399771
GB,Cases,stat_ensemble,2021-09-27,0.391666666666667
GB,Deaths,stat_ensemble,2021-09-27,0.321449792038027
PL,Cases,stat_ensemble,2021-09-27,0.0909090909090909
PL,Deaths,stat_ensemble,2021-09-27,0.165377176015474
CZ,Cases,mech_ensemble,2021-10-04,0.620426829268293
CZ,Deaths,mech_ensemble,2021-10-04,0.420634920634921
DE,Cases,mech_ensemble,2021-10-04,0.25
DE,Deaths,mech_ensemble,2021-10-04,0.807692307692308
FR,Cases,mech_ensemble,2021-10-04,0.618107929999268
FR,Deaths,mech_ensemble,2021-10-04,0.369047619047619
GB,Cases,mech_ensemble,2021-10-04,0.534836775021705
GB,Deaths,mech_ensemble,2021-10-04,0.663878562577447
PL,Cases,mech_ensemble,2021-10-04,0.413422291993721
PL,Deaths,mech_ensemble,2021-10-04,0.333333333333334
CZ,Cases,semi_ensemble,2021-10-04,0.125
CZ,Deaths,semi_ensemble,2021-10-04,0.468253968253968
DE,Cases,semi_ensemble,2021-10-04,0.324603860182876
DE,Deaths,semi_ensemble,2021-10-04,0.115384615384615
FR,Cases,semi_ensemble,2021-10-04,0.239034927143589
FR,Deaths,semi_ensemble,2021-10-04,0.505952380952381
GB,Cases,semi_ensemble,2021-10-04,0.142857142857143
GB,Deaths,semi_ensemble,2021-10-04,0.211121437422553
PL,Cases,semi_ensemble,2021-10-04,0.48657770800628
PL,Deaths,semi_ensemble,2021-10-04,0.566666666666667
CZ,Cases,stat_ensemble,2021-10-04,0.254573170731708
CZ,Deaths,stat_ensemble,2021-10-04,0.111111111111111
DE,Cases,stat_ensemble,2021-10-04,0.425396139817124
DE,Deaths,stat_ensemble,2021-10-04,0.0769230769230769
FR,Cases,stat_ensemble,2021-10-04,0.142857142857143
FR,Deaths,stat_ensemble,2021-10-04,0.125
GB,Cases,stat_ensemble,2021-10-04,0.322306082121152
GB,Deaths,stat_ensemble,2021-10-04,0.125
PL,Cases,stat_ensemble,2021-10-04,0.1
PL,Deaths,stat_ensemble,2021-10-04,0.1
CZ,Cases,mech_ensemble,2021-10-11,0.691429689538221
CZ,Deaths,mech_ensemble,2021-10-11,0.590277777777778
DE,Cases,mech_ensemble,2021-10-11,0.62591956841589
DE,Deaths,mech_ensemble,2021-10-11,0.807692307692308
FR,Cases,mech_ensemble,2021-10-11,0.660344248786889
FR,Deaths,mech_ensemble,2021-10-11,0.381979695431472
GB,Cases,mech_ensemble,2021-10-11,0.567711554276888
GB,Deaths,mech_ensemble,2021-10-11,0.698529411764706
PL,Cases,mech_ensemble,2021-10-11,0.348207008964955
PL,Deaths,mech_ensemble,2021-10-11,0.348039215686275
CZ,Cases,semi_ensemble,2021-10-11,0.125
CZ,Deaths,semi_ensemble,2021-10-11,0.298611111111111
DE,Cases,semi_ensemble,2021-10-11,0.107142857142857
DE,Deaths,semi_ensemble,2021-10-11,0.115384615384615
FR,Cases,semi_ensemble,2021-10-11,0.196798608355968
FR,Deaths,semi_ensemble,2021-10-11,0.493020304568528
GB,Cases,semi_ensemble,2021-10-11,0.142857142857143
GB,Deaths,semi_ensemble,2021-10-11,0.176470588235295
PL,Cases,semi_ensemble,2021-10-11,0.551792991035045
PL,Deaths,semi_ensemble,2021-10-11,0.551960784313726
CZ,Cases,stat_ensemble,2021-10-11,0.18357031046178
CZ,Deaths,stat_ensemble,2021-10-11,0.111111111111111
DE,Cases,stat_ensemble,2021-10-11,0.266937574441253
DE,Deaths,stat_ensemble,2021-10-11,0.0769230769230769
FR,Cases,stat_ensemble,2021-10-11,0.142857142857143
FR,Deaths,stat_ensemble,2021-10-11,0.125
GB,Cases,stat_ensemble,2021-10-11,0.289431302865969
GB,Deaths,stat_ensemble,2021-10-11,0.125
PL,Cases,stat_ensemble,2021-10-11,0.1
PL,Deaths,stat_ensemble,2021-10-11,0.1
CZ,Cases,mech_ensemble,2021-10-18,0.608633785993887
CZ,Deaths,mech_ensemble,2021-10-18,0.777777777777778
DE,Cases,mech_ensemble,2021-10-18,0.369350642004639
DE,Deaths,mech_ensemble,2021-10-18,0.796085164835165
FR,Cases,mech_ensemble,2021-10-18,0.665503401330275
FR,Deaths,mech_ensemble,2021-10-18,0.491573033707865
GB,Cases,mech_ensemble,2021-10-18,0.34397100397435
GB,Deaths,mech_ensemble,2021-10-18,0.75
PL,Cases,mech_ensemble,2021-10-18,0.25
PL,Deaths,mech_ensemble,2021-10-18,0.468847025258035
CZ,Cases,semi_ensemble,2021-10-18,0.257121869801694
CZ,Deaths,semi_ensemble,2021-10-18,0.111111111111111
DE,Cases,semi_ensemble,2021-10-18,0.107142857142857
DE,Deaths,semi_ensemble,2021-10-18,0.115384615384615
FR,Cases,semi_ensemble,2021-10-18,0.174395497980663
FR,Deaths,semi_ensemble,2021-10-18,0.383426966292135
GB,Cases,semi_ensemble,2021-10-18,0.142857142857143
GB,Deaths,semi_ensemble,2021-10-18,0.125
PL,Cases,semi_ensemble,2021-10-18,0.65
PL,Deaths,semi_ensemble,2021-10-18,0.321225979692875
CZ,Cases,stat_ensemble,2021-10-18,0.134244344204419
CZ,Deaths,stat_ensemble,2021-10-18,0.111111111111111
DE,Cases,stat_ensemble,2021-10-18,0.523506500852505
DE,Deaths,stat_ensemble,2021-10-18,0.0885302197802198
FR,Cases,stat_ensemble,2021-10-18,0.160101100689062
FR,Deaths,stat_ensemble,2021-10-18,0.125
GB,Cases,stat_ensemble,2021-10-18,0.513171853168507
GB,Deaths,stat_ensemble,2021-10-18,0.125
PL,Cases,stat_ensemble,2021-10-18,0.1
PL,Deaths,stat_ensemble,2021-10-18,0.20992699504909
CZ,Cases,mech_ensemble,2021-10-25,0.285714285714286
CZ,Deaths,mech_ensemble,2021-10-25,0.615316901408451
DE,Cases,mech_ensemble,2021-10-25,0.269230769230769
DE,Deaths,mech_ensemble,2021-10-25,0.73037329228401
FR,Cases,mech_ensemble,2021-10-25,0.651303831647073
FR,Deaths,mech_ensemble,2021-10-25,0.574603174603175
GB,Cases,mech_ensemble,2021-10-25,0.38467135611795
GB,Deaths,mech_ensemble,2021-10-25,0.782637362637363
PL,Cases,mech_ensemble,2021-10-25,0.277777777777778
PL,Deaths,mech_ensemble,2021-10-25,0.700107874865156
CZ,Cases,semi_ensemble,2021-10-25,0.561299299248653
CZ,Deaths,semi_ensemble,2021-10-25,0.25968309859155
DE,Cases,semi_ensemble,2021-10-25,0.393162916811979
DE,Deaths,semi_ensemble,2021-10-25,0.12008530562504
FR,Cases,semi_ensemble,2021-10-25,0.0833333333333333
FR,Deaths,semi_ensemble,2021-10-25,0.282539682539682
GB,Cases,semi_ensemble,2021-10-25,0.448661977215383
GB,Deaths,semi_ensemble,2021-10-25,0.0745054945054945
PL,Cases,semi_ensemble,2021-10-25,0.611111111111111
PL,Deaths,semi_ensemble,2021-10-25,0.188781014023733
CZ,Cases,stat_ensemble,2021-10-25,0.152986415037061
CZ,Deaths,stat_ensemble,2021-10-25,0.125
DE,Cases,stat_ensemble,2021-10-25,0.337606313957251
DE,Deaths,stat_ensemble,2021-10-25,0.14954140209095
FR,Cases,stat_ensemble,2021-10-25,0.265362835019594
FR,Deaths,stat_ensemble,2021-10-25,0.142857142857143
GB,Cases,stat_ensemble,2021-10-25,0.166666666666667
GB,Deaths,stat_ensemble,2021-10-25,0.142857142857143
PL,Cases,stat_ensemble,2021-10-25,0.111111111111111
PL,Deaths,stat_ensemble,2021-10-25,0.111111111111111
CZ,Cases,mech_ensemble,2021-11-01,0.285714285714286
CZ,Deaths,mech_ensemble,2021-11-01,0.3125
DE,Cases,mech_ensemble,2021-11-01,0.269230769230769
DE,Deaths,mech_ensemble,2021-11-01,0.430593607305936
FR,Cases,mech_ensemble,2021-11-01,0.637215903412158
FR,Deaths,mech_ensemble,2021-11-01,0.62748643761302
GB,Cases,mech_ensemble,2021-11-01,0.567973822959305
GB,Deaths,mech_ensemble,2021-11-01,0.623150183150183
PL,Cases,mech_ensemble,2021-11-01,0.277777777777778
PL,Deaths,mech_ensemble,2021-11-01,0.449206349206349
CZ,Cases,semi_ensemble,2021-11-01,0.571428571428571
CZ,Deaths,semi_ensemble,2021-11-01,0.5625
DE,Cases,semi_ensemble,2021-11-01,0.576923076923077
DE,Deaths,semi_ensemble,2021-11-01,0.0833333333333333
FR,Cases,semi_ensemble,2021-11-01,0.0833333333333333
FR,Deaths,semi_ensemble,2021-11-01,0.229656419529837
GB,Cases,semi_ensemble,2021-11-01,0.265359510374028
GB,Deaths,semi_ensemble,2021-11-01,0.233992673992674
PL,Cases,semi_ensemble,2021-11-01,0.611111111111111
PL,Deaths,semi_ensemble,2021-11-01,0.43968253968254
CZ,Cases,stat_ensemble,2021-11-01,0.142857142857143
CZ,Deaths,stat_ensemble,2021-11-01,0.125
DE,Cases,stat_ensemble,2021-11-01,0.153846153846154
DE,Deaths,stat_ensemble,2021-11-01,0.486073059360731
FR,Cases,stat_ensemble,2021-11-01,0.279450763254509
FR,Deaths,stat_ensemble,2021-11-01,0.142857142857143
GB,Cases,stat_ensemble,2021-11-01,0.166666666666667
GB,Deaths,stat_ensemble,2021-11-01,0.142857142857143
PL,Cases,stat_ensemble,2021-11-01,0.111111111111111
PL,Deaths,stat_ensemble,2021-11-01,0.111111111111111
CZ,Cases,mech_ensemble,2021-11-08,0.25
CZ,Deaths,mech_ensemble,2021-11-08,0.277777777777778
DE,Cases,mech_ensemble,2021-11-08,0.25
DE,Deaths,mech_ensemble,2021-11-08,0.307692307692308
FR,Cases,mech_ensemble,2021-11-08,0.629687147542121
FR,Deaths,mech_ensemble,2021-11-08,0.659090909090909
GB,Cases,mech_ensemble,2021-11-08,0.214285714285714
GB,Deaths,mech_ensemble,2021-11-08,0.545940170940171
PL,Cases,mech_ensemble,2021-11-08,0.361992039545484
PL,Deaths,mech_ensemble,2021-11-08,0.552371541501977
CZ,Cases,semi_ensemble,2021-11-08,0.5625
CZ,Deaths,semi_ensemble,2021-11-08,0.555555555555556
DE,Cases,semi_ensemble,2021-11-08,0.571428571428571
DE,Deaths,semi_ensemble,2021-11-08,0.328096785843264
FR,Cases,semi_ensemble,2021-11-08,0.0714285714285714
FR,Deaths,semi_ensemble,2021-11-08,0.153409090909091
GB,Cases,semi_ensemble,2021-11-08,0.0714285714285714
GB,Deaths,semi_ensemble,2021-11-08,0.266559829059829
PL,Cases,semi_ensemble,2021-11-08,0.488007960454517
PL,Deaths,semi_ensemble,2021-11-08,0.297628458498024
CZ,Cases,stat_ensemble,2021-11-08,0.1875
CZ,Deaths,stat_ensemble,2021-11-08,0.166666666666667
DE,Cases,stat_ensemble,2021-11-08,0.178571428571429
DE,Deaths,stat_ensemble,2021-11-08,0.364210906464428
FR,Cases,stat_ensemble,2021-11-08,0.298884281029307
FR,Deaths,stat_ensemble,2021-11-08,0.1875
GB,Cases,stat_ensemble,2021-11-08,0.714285714285714
GB,Deaths,stat_ensemble,2021-11-08,0.1875
PL,Cases,stat_ensemble,2021-11-08,0.15
PL,Deaths,stat_ensemble,2021-11-08,0.15
CZ,Cases,mech_ensemble,2021-11-15,0.40466198687624
CZ,Deaths,mech_ensemble,2021-11-15,0.277777777777778
DE,Cases,mech_ensemble,2021-11-15,0.25
DE,Deaths,mech_ensemble,2021-11-15,0.307692307692308
FR,Cases,mech_ensemble,2021-11-15,0.470262545557716
FR,Deaths,mech_ensemble,2021-11-15,0.734496124031008
GB,Cases,mech_ensemble,2021-11-15,0.214285714285714
GB,Deaths,mech_ensemble,2021-11-15,0.687756899588961
PL,Cases,mech_ensemble,2021-11-15,0.549291441861723
PL,Deaths,mech_ensemble,2021-11-15,0.460253404274507
CZ,Cases,semi_ensemble,2021-11-15,0.40783801312376
CZ,Deaths,semi_ensemble,2021-11-15,0.555555555555556
DE,Cases,semi_ensemble,2021-11-15,0.571428571428571
DE,Deaths,semi_ensemble,2021-11-15,0.576923076923077
FR,Cases,semi_ensemble,2021-11-15,0.279607637549333
FR,Deaths,semi_ensemble,2021-11-15,0.0780038759689923
GB,Cases,semi_ensemble,2021-11-15,0.0714285714285714
GB,Deaths,semi_ensemble,2021-11-15,0.124743100411039
PL,Cases,semi_ensemble,2021-11-15,0.300708558138277
PL,Deaths,semi_ensemble,2021-11-15,0.286040220037876
CZ,Cases,stat_ensemble,2021-11-15,0.1875
CZ,Deaths,stat_ensemble,2021-11-15,0.166666666666667
DE,Cases,stat_ensemble,2021-11-15,0.178571428571429
DE,Deaths,stat_ensemble,2021-11-15,0.115384615384615
FR,Cases,stat_ensemble,2021-11-15,0.250129816892951
FR,Deaths,stat_ensemble,2021-11-15,0.1875
GB,Cases,stat_ensemble,2021-11-15,0.714285714285714
GB,Deaths,stat_ensemble,2021-11-15,0.1875
PL,Cases,stat_ensemble,2021-11-15,0.15
PL,Deaths,stat_ensemble,2021-11-15,0.253706375687619
CZ,Cases,mech_ensemble,2021-11-22,0.588269752671926
CZ,Deaths,mech_ensemble,2021-11-22,0.389964157706093
DE,Cases,mech_ensemble,2021-11-22,0.25010465165678
DE,Deaths,mech_ensemble,2021-11-22,0.287694307727138
FR,Cases,mech_ensemble,2021-11-22,0.214285714285714
FR,Deaths,mech_ensemble,2021-11-22,0.565079365079365
GB,Cases,mech_ensemble,2021-11-22,0.214285714285714
GB,Deaths,mech_ensemble,2021-11-22,0.722222222222222
PL,Cases,mech_ensemble,2021-11-22,0.25
PL,Deaths,mech_ensemble,2021-11-22,0.61523569023569
CZ,Cases,semi_ensemble,2021-11-22,0.0714285714285714
CZ,Deaths,semi_ensemble,2021-11-22,0.387813620071685
DE,Cases,semi_ensemble,2021-11-22,0.488712690390622
DE,Deaths,semi_ensemble,2021-11-22,0.483315385528396
FR,Cases,semi_ensemble,2021-11-22,0.571428571428571
FR,Deaths,semi_ensemble,2021-11-22,0.212698412698413
GB,Cases,semi_ensemble,2021-11-22,0.0714285714285714
GB,Deaths,semi_ensemble,2021-11-22,0.0555555555555556
PL,Cases,semi_ensemble,2021-11-22,0.256170016313682
PL,Deaths,semi_ensemble,2021-11-22,0.202946127946128
CZ,Cases,stat_ensemble,2021-11-22,0.340301675899502
CZ,Deaths,stat_ensemble,2021-11-22,0.222222222222222
DE,Cases,stat_ensemble,2021-11-22,0.261182657952598
DE,Deaths,stat_ensemble,2021-11-22,0.228990306744466
FR,Cases,stat_ensemble,2021-11-22,0.214285714285714
FR,Deaths,stat_ensemble,2021-11-22,0.222222222222222
GB,Cases,stat_ensemble,2021-11-22,0.714285714285714
GB,Deaths,stat_ensemble,2021-11-22,0.222222222222222
PL,Cases,stat_ensemble,2021-11-22,0.493829983686318
PL,Deaths,stat_ensemble,2021-11-22,0.181818181818182
CZ,Cases,mech_ensemble,2021-11-29,0.449904312329285
CZ,Deaths,mech_ensemble,2021-11-29,0.461664963780179
DE,Cases,mech_ensemble,2021-11-29,0.233333333333333
DE,Deaths,mech_ensemble,2021-11-29,0.520094991717257
FR,Cases,mech_ensemble,2021-11-29,0.1875
FR,Deaths,mech_ensemble,2021-11-29,0.454491017964072
GB,Cases,mech_ensemble,2021-11-29,0.1875
GB,Deaths,mech_ensemble,2021-11-29,0.633733590214616
PL,Cases,mech_ensemble,2021-11-29,0.227272727272727
PL,Deaths,mech_ensemble,2021-11-29,0.557423520010974
CZ,Cases,semi_ensemble,2021-11-29,0.145738827089261
CZ,Deaths,semi_ensemble,2021-11-29,0.193584901328252
DE,Cases,semi_ensemble,2021-11-29,0.456944277456648
DE,Deaths,semi_ensemble,2021-11-29,0.279490046728871
FR,Cases,semi_ensemble,2021-11-29,0.625
FR,Deaths,semi_ensemble,2021-11-29,0.345508982035928
GB,Cases,semi_ensemble,2021-11-29,0.125
GB,Deaths,semi_ensemble,2021-11-29,0.164227787983332
PL,Cases,semi_ensemble,2021-11-29,0.264855884006889
PL,Deaths,semi_ensemble,2021-11-29,0.162478028734881
CZ,Cases,stat_ensemble,2021-11-29,0.404356860581454
CZ,Deaths,stat_ensemble,2021-11-29,0.34475013489157
DE,Cases,stat_ensemble,2021-11-29,0.309722389210019
DE,Deaths,stat_ensemble,2021-11-29,0.200414961553872
FR,Cases,stat_ensemble,2021-11-29,0.1875
FR,Deaths,stat_ensemble,2021-11-29,0.2
GB,Cases,stat_ensemble,2021-11-29,0.6875
GB,Deaths,stat_ensemble,2021-11-29,0.202038621802052
PL,Cases,stat_ensemble,2021-11-29,0.507871388720384
PL,Deaths,stat_ensemble,2021-11-29,0.280098451254144
CZ,Cases,mech_ensemble,2021-12-06,0.356680971113876
CZ,Deaths,mech_ensemble,2021-12-06,0.457619047619048
DE,Cases,mech_ensemble,2021-12-06,0.25
DE,Deaths,mech_ensemble,2021-12-06,0.323760201006112
FR,Cases,mech_ensemble,2021-12-06,0.1875
FR,Deaths,mech_ensemble,2021-12-06,0.457790368271955
GB,Cases,mech_ensemble,2021-12-06,0.1875
GB,Deaths,mech_ensemble,2021-12-06,0.69890590809628
PL,Cases,mech_ensemble,2021-12-06,0.326402549507841
PL,Deaths,mech_ensemble,2021-12-06,0.345945404304884
CZ,Cases,semi_ensemble,2021-12-06,0.111111111111111
CZ,Deaths,semi_ensemble,2021-12-06,0.05
DE,Cases,semi_ensemble,2021-12-06,0.320166205453414
DE,Deaths,semi_ensemble,2021-12-06,0.253337442118835
FR,Cases,semi_ensemble,2021-12-06,0.625
FR,Deaths,semi_ensemble,2021-12-06,0.342209631728046
GB,Cases,semi_ensemble,2021-12-06,0.125
GB,Deaths,semi_ensemble,2021-12-06,0.1
PL,Cases,semi_ensemble,2021-12-06,0.136363636363636
PL,Deaths,semi_ensemble,2021-12-06,0.320383310608232
CZ,Cases,stat_ensemble,2021-12-06,0.532207917775013
CZ,Deaths,stat_ensemble,2021-12-06,0.492380952380953
DE,Cases,stat_ensemble,2021-12-06,0.429833794546586
DE,Deaths,stat_ensemble,2021-12-06,0.422902356875052
FR,Cases,stat_ensemble,2021-12-06,0.1875
FR,Deaths,stat_ensemble,2021-12-06,0.2
GB,Cases,stat_ensemble,2021-12-06,0.6875
GB,Deaths,stat_ensemble,2021-12-06,0.20109409190372
PL,Cases,stat_ensemble,2021-12-06,0.537233814128522
PL,Deaths,stat_ensemble,2021-12-06,0.333671285086884
CZ,Cases,mech_ensemble,2021-12-13,0.245166108622127
CZ,Deaths,mech_ensemble,2021-12-13,0.291710205503309
DE,Cases,mech_ensemble,2021-12-13,0.31556335145461
DE,Deaths,mech_ensemble,2021-12-13,0.25
FR,Cases,mech_ensemble,2021-12-13,0.481764999190999
FR,Deaths,mech_ensemble,2021-12-13,0.516772598870057
GB,Cases,mech_ensemble,2021-12-13,0.142857142857143
GB,Deaths,mech_ensemble,2021-12-13,0.503164556962026
PL,Cases,mech_ensemble,2021-12-13,0.28434836560755
PL,Deaths,mech_ensemble,2021-12-13,0.188397129186603
CZ,Cases,semi_ensemble,2021-12-13,0.125
CZ,Deaths,semi_ensemble,2021-12-13,0.0555555555555556
DE,Cases,semi_ensemble,2021-12-13,0.125
DE,Deaths,semi_ensemble,2021-12-13,0.107142857142857
FR,Cases,semi_ensemble,2021-12-13,0.303949286523287
FR,Deaths,semi_ensemble,2021-12-13,0.261005178907721
GB,Cases,semi_ensemble,2021-12-13,0.199716833445884
GB,Deaths,semi_ensemble,2021-12-13,0.111111111111111
PL,Cases,semi_ensemble,2021-12-13,0.15
PL,Deaths,semi_ensemble,2021-12-13,0.629784688995215
CZ,Cases,stat_ensemble,2021-12-13,0.629833891377873
CZ,Deaths,stat_ensemble,2021-12-13,0.652734238941136
DE,Cases,stat_ensemble,2021-12-13,0.559436648545391
DE,Deaths,stat_ensemble,2021-12-13,0.642857142857143
FR,Cases,stat_ensemble,2021-12-13,0.214285714285714
FR,Deaths,stat_ensemble,2021-12-13,0.222222222222222
GB,Cases,stat_ensemble,2021-12-13,0.657426023696973
GB,Deaths,stat_ensemble,2021-12-13,0.385724331926864
PL,Cases,stat_ensemble,2021-12-13,0.56565163439245
PL,Deaths,stat_ensemble,2021-12-13,0.181818181818182
CZ,Cases,mech_ensemble,2021-12-20,0.352062581969411
CZ,Deaths,mech_ensemble,2021-12-20,0.222222222222222
DE,Cases,mech_ensemble,2021-12-20,0.361239036148575
DE,Deaths,mech_ensemble,2021-12-20,0.272439061432151
FR,Cases,mech_ensemble,2021-12-20,0.306268920521477
FR,Deaths,mech_ensemble,2021-12-20,0.403347817257461
GB,Cases,mech_ensemble,2021-12-20,0.166666666666667
GB,Deaths,mech_ensemble,2021-12-20,0.211060209424084
PL,Cases,mech_ensemble,2021-12-20,0.722222222222222
PL,Deaths,mech_ensemble,2021-12-20,0.2
CZ,Cases,semi_ensemble,2021-12-20,0.0714285714285714
CZ,Deaths,semi_ensemble,2021-12-20,0.0555555555555556
DE,Cases,semi_ensemble,2021-12-20,0.0909090909090909
DE,Deaths,semi_ensemble,2021-12-20,0.0769230769230769
FR,Cases,semi_ensemble,2021-12-20,0.182090056888452
FR,Deaths,semi_ensemble,2021-12-20,0.133829533199815
GB,Cases,semi_ensemble,2021-12-20,0.583333333333333
GB,Deaths,semi_ensemble,2021-12-20,0.0625
PL,Cases,semi_ensemble,2021-12-20,0.111111111111111
PL,Deaths,semi_ensemble,2021-12-20,0.6
CZ,Cases,stat_ensemble,2021-12-20,0.576508846602017
CZ,Deaths,stat_ensemble,2021-12-20,0.722222222222222
DE,Cases,stat_ensemble,2021-12-20,0.547851872942334
DE,Deaths,stat_ensemble,2021-12-20,0.650637861644772
FR,Cases,stat_ensemble,2021-12-20,0.51164102259007
FR,Deaths,stat_ensemble,2021-12-20,0.462822649542724
GB,Cases,stat_ensemble,2021-12-20,0.25
GB,Deaths,stat_ensemble,2021-12-20,0.726439790575917
PL,Cases,stat_ensemble,2021-12-20,0.166666666666667
PL,Deaths,stat_ensemble,2021-12-20,0.2
CZ,Cases,mech_ensemble,2021-12-27,0.6875
CZ,Deaths,mech_ensemble,2021-12-27,0.222222222222222
DE,Cases,mech_ensemble,2021-12-27,0.708333333333333
DE,Deaths,mech_ensemble,2021-12-27,0.454453441295547
FR,Cases,mech_ensemble,2021-12-27,0.193773838699982
FR,Deaths,mech_ensemble,2021-12-27,0.186262252132909
GB,Cases,mech_ensemble,2021-12-27,0.142857142857143
GB,Deaths,mech_ensemble,2021-12-27,0.1875
PL,Cases,mech_ensemble,2021-12-27,0.666666666666667
PL,Deaths,mech_ensemble,2021-12-27,0.15
CZ,Cases,semi_ensemble,2021-12-27,0.125
CZ,Deaths,semi_ensemble,2021-12-27,0.0555555555555556
DE,Cases,semi_ensemble,2021-12-27,0.125
DE,Deaths,semi_ensemble,2021-12-27,0.115384615384615
FR,Cases,semi_ensemble,2021-12-27,0.321759732007137
FR,Deaths,semi_ensemble,2021-12-27,0.195702997123632
GB,Cases,semi_ensemble,2021-12-27,0.642857142857143
GB,Deaths,semi_ensemble,2021-12-27,0.0625
PL,Cases,semi_ensemble,2021-12-27,0.166666666666667
PL,Deaths,semi_ensemble,2021-12-27,0.15
CZ,Cases,stat_ensemble,2021-12-27,0.1875
CZ,Deaths,stat_ensemble,2021-12-27,0.722222222222222
DE,Cases,stat_ensemble,2021-12-27,0.166666666666667
DE,Deaths,stat_ensemble,2021-12-27,0.430161943319837
FR,Cases,stat_ensemble,2021-12-27,0.484466429292881
FR,Deaths,stat_ensemble,2021-12-27,0.61803475074346
GB,Cases,stat_ensemble,2021-12-27,0.214285714285714
GB,Deaths,stat_ensemble,2021-12-27,0.75
PL,Cases,stat_ensemble,2021-12-27,0.166666666666667
PL,Deaths,stat_ensemble,2021-12-27,0.7
CZ,Cases,mech_ensemble,2022-01-03,0.25
CZ,Deaths,mech_ensemble,2022-01-03,0.285714285714286
DE,Cases,mech_ensemble,2022-01-03,0.477878525143414
DE,Deaths,mech_ensemble,2022-01-03,0.791666666666667
FR,Cases,mech_ensemble,2022-01-03,0.435801300143854
FR,Deaths,mech_ensemble,2022-01-03,0.271798365122616
GB,Cases,mech_ensemble,2022-01-03,0.2
GB,Deaths,mech_ensemble,2022-01-03,0.392317380352645
PL,Cases,mech_ensemble,2022-01-03,0.460320580013977
PL,Deaths,mech_ensemble,2022-01-03,0.351652941878506
CZ,Cases,semi_ensemble,2022-01-03,0.666666666666667
CZ,Deaths,semi_ensemble,2022-01-03,0.0714285714285714
DE,Cases,semi_ensemble,2022-01-03,0.136363636363636
DE,Deaths,semi_ensemble,2022-01-03,0.125
FR,Cases,semi_ensemble,2022-01-03,0.464198699856147
FR,Deaths,semi_ensemble,2022-01-03,0.0833333333333333
GB,Cases,semi_ensemble,2022-01-03,0.7
GB,Deaths,semi_ensemble,2022-01-03,0.0833333333333333
PL,Cases,semi_ensemble,2022-01-03,0.1875
PL,Deaths,semi_ensemble,2022-01-03,0.166666666666667
CZ,Cases,stat_ensemble,2022-01-03,0.0833333333333333
CZ,Deaths,stat_ensemble,2022-01-03,0.642857142857143
DE,Cases,stat_ensemble,2022-01-03,0.38575783849295
DE,Deaths,stat_ensemble,2022-01-03,0.0833333333333333
FR,Cases,stat_ensemble,2022-01-03,0.1
FR,Deaths,stat_ensemble,2022-01-03,0.644868301544051
GB,Cases,stat_ensemble,2022-01-03,0.1
GB,Deaths,stat_ensemble,2022-01-03,0.524349286314022
PL,Cases,stat_ensemble,2022-01-03,0.352179419986024
PL,Deaths,stat_ensemble,2022-01-03,0.481680391454828
CZ,Cases,mech_ensemble,2022-01-10,0.283737990805744
CZ,Deaths,mech_ensemble,2022-01-10,0.285714285714286
DE,Cases,mech_ensemble,2022-01-10,0.482229380829488
DE,Deaths,mech_ensemble,2022-01-10,0.791666666666667
FR,Cases,mech_ensemble,2022-01-10,0.7
FR,Deaths,mech_ensemble,2022-01-10,0.29859172798782
GB,Cases,mech_ensemble,2022-01-10,0.7
GB,Deaths,mech_ensemble,2022-01-10,0.473307716370073
PL,Cases,mech_ensemble,2022-01-10,0.476006316509425
PL,Deaths,mech_ensemble,2022-01-10,0.350578075956598
CZ,Cases,semi_ensemble,2022-01-10,0.582280392117719
CZ,Deaths,semi_ensemble,2022-01-10,0.0714285714285714
DE,Cases,semi_ensemble,2022-01-10,0.426861528261421
DE,Deaths,semi_ensemble,2022-01-10,0.125
FR,Cases,semi_ensemble,2022-01-10,0.2
FR,Deaths,semi_ensemble,2022-01-10,0.0833333333333333
GB,Cases,semi_ensemble,2022-01-10,0.2
GB,Deaths,semi_ensemble,2022-01-10,0.143220910023102
PL,Cases,semi_ensemble,2022-01-10,0.1875
PL,Deaths,semi_ensemble,2022-01-10,0.393911642242135
CZ,Cases,stat_ensemble,2022-01-10,0.133981617076537
CZ,Deaths,stat_ensemble,2022-01-10,0.642857142857143
DE,Cases,stat_ensemble,2022-01-10,0.0909090909090909
DE,Deaths,stat_ensemble,2022-01-10,0.0833333333333333
FR,Cases,stat_ensemble,2022-01-10,0.1
FR,Deaths,stat_ensemble,2022-01-10,0.618074938678846
GB,Cases,stat_ensemble,2022-01-10,0.1
GB,Deaths,stat_ensemble,2022-01-10,0.383471373606826
PL,Cases,stat_ensemble,2022-01-10,0.336493683490576
PL,Deaths,stat_ensemble,2022-01-10,0.255510281801268
CZ,Cases,mech_ensemble,2022-01-17,0.331375698768113
CZ,Deaths,mech_ensemble,2022-01-17,0.285714285714286
DE,Cases,mech_ensemble,2022-01-17,0.230769230769231
DE,Deaths,mech_ensemble,2022-01-17,0.791666666666667
FR,Cases,mech_ensemble,2022-01-17,0.642857142857143
FR,Deaths,mech_ensemble,2022-01-17,0.252449029042196
GB,Cases,mech_ensemble,2022-01-17,0.442606237742082
GB,Deaths,mech_ensemble,2022-01-17,0.634520168923839
PL,Cases,mech_ensemble,2022-01-17,0.345138422350169
PL,Deaths,mech_ensemble,2022-01-17,0.345776875277148
CZ,Cases,semi_ensemble,2022-01-17,0.525767158374744
CZ,Deaths,semi_ensemble,2022-01-17,0.0714285714285714
DE,Cases,semi_ensemble,2022-01-17,0.653846153846154
DE,Deaths,semi_ensemble,2022-01-17,0.125
FR,Cases,semi_ensemble,2022-01-17,0.214285714285714
FR,Deaths,semi_ensemble,2022-01-17,0.142857142857143
GB,Cases,semi_ensemble,2022-01-17,0.214285714285714
GB,Deaths,semi_ensemble,2022-01-17,0.222622688219018
PL,Cases,semi_ensemble,2022-01-17,0.434483250996105
PL,Deaths,semi_ensemble,2022-01-17,0.431629642095373
CZ,Cases,stat_ensemble,2022-01-17,0.142857142857143
CZ,Deaths,stat_ensemble,2022-01-17,0.642857142857143
DE,Cases,stat_ensemble,2022-01-17,0.115384615384615
DE,Deaths,stat_ensemble,2022-01-17,0.0833333333333333
FR,Cases,stat_ensemble,2022-01-17,0.142857142857143
FR,Deaths,stat_ensemble,2022-01-17,0.604693828100661
GB,Cases,stat_ensemble,2022-01-17,0.343108047972203
GB,Deaths,stat_ensemble,2022-01-17,0.142857142857143
PL,Cases,stat_ensemble,2022-01-17,0.220378326653727
PL,Deaths,stat_ensemble,2022-01-17,0.222593482627479
CZ,Cases,mech_ensemble,2022-01-24,0.518236725088539
CZ,Deaths,mech_ensemble,2022-01-24,0.766269841269841
DE,Cases,mech_ensemble,2022-01-24,0.730769230769231
DE,Deaths,mech_ensemble,2022-01-24,0.347051282051282
FR,Cases,mech_ensemble,2022-01-24,0.642857142857143
FR,Deaths,mech_ensemble,2022-01-24,0.191919563936358
GB,Cases,mech_ensemble,2022-01-24,0.189230777051557
GB,Deaths,mech_ensemble,2022-01-24,0.711998431577571
PL,Cases,mech_ensemble,2022-01-24,0.6875
PL,Deaths,mech_ensemble,2022-01-24,0.300846300846301
CZ,Cases,semi_ensemble,2022-01-24,0.338906132054318
CZ,Deaths,semi_ensemble,2022-01-24,0.0714285714285714
DE,Cases,semi_ensemble,2022-01-24,0.153846153846154
DE,Deaths,semi_ensemble,2022-01-24,0.125
FR,Cases,semi_ensemble,2022-01-24,0.214285714285714
FR,Deaths,semi_ensemble,2022-01-24,0.1875
GB,Cases,semi_ensemble,2022-01-24,0.214285714285714
GB,Deaths,semi_ensemble,2022-01-24,0.145144425565286
PL,Cases,semi_ensemble,2022-01-24,0.1875
PL,Deaths,semi_ensemble,2022-01-24,0.588042588042588
CZ,Cases,stat_ensemble,2022-01-24,0.142857142857143
CZ,Deaths,stat_ensemble,2022-01-24,0.162301587301587
DE,Cases,stat_ensemble,2022-01-24,0.115384615384615
DE,Deaths,stat_ensemble,2022-01-24,0.527948717948718
FR,Cases,stat_ensemble,2022-01-24,0.142857142857143
FR,Deaths,stat_ensemble,2022-01-24,0.620580436063642
GB,Cases,stat_ensemble,2022-01-24,0.596483508662728
GB,Deaths,stat_ensemble,2022-01-24,0.142857142857143
PL,Cases,stat_ensemble,2022-01-24,0.125
PL,Deaths,stat_ensemble,2022-01-24,0.111111111111111
CZ,Cases,mech_ensemble,2022-01-31,0.714285714285714
CZ,Deaths,mech_ensemble,2022-01-31,0.7
DE,Cases,mech_ensemble,2022-01-31,0.421633119403434
DE,Deaths,mech_ensemble,2022-01-31,0.272727272727273
FR,Cases,mech_ensemble,2022-01-31,0.529175154717491
FR,Deaths,mech_ensemble,2022-01-31,0.236133184996821
GB,Cases,mech_ensemble,2022-01-31,0.142857142857143
GB,Deaths,mech_ensemble,2022-01-31,0.573106177448347
PL,Cases,mech_ensemble,2022-01-31,0.6875
PL,Deaths,mech_ensemble,2022-01-31,0.642857142857143
CZ,Cases,semi_ensemble,2022-01-31,0.142857142857143
CZ,Deaths,semi_ensemble,2022-01-31,0.1
DE,Cases,semi_ensemble,2022-01-31,0.453366880596566
DE,Deaths,semi_ensemble,2022-01-31,0.136363636363636
FR,Cases,semi_ensemble,2022-01-31,0.226574684823306
FR,Deaths,semi_ensemble,2022-01-31,0.1875
GB,Cases,semi_ensemble,2022-01-31,0.214285714285714
GB,Deaths,semi_ensemble,2022-01-31,0.143888286814869
PL,Cases,semi_ensemble,2022-01-31,0.1875
PL,Deaths,semi_ensemble,2022-01-31,0.214285714285714
CZ,Cases,stat_ensemble,2022-01-31,0.142857142857143
CZ,Deaths,stat_ensemble,2022-01-31,0.2
DE,Cases,stat_ensemble,2022-01-31,0.125
DE,Deaths,stat_ensemble,2022-01-31,0.590909090909091
FR,Cases,stat_ensemble,2022-01-31,0.244250160459202
FR,Deaths,stat_ensemble,2022-01-31,0.576366815003178
GB,Cases,stat_ensemble,2022-01-31,0.642857142857143
GB,Deaths,stat_ensemble,2022-01-31,0.283005535736784
PL,Cases,stat_ensemble,2022-01-31,0.125
PL,Deaths,stat_ensemble,2022-01-31,0.142857142857143
CZ,Cases,stat_ensemble,2021-05-10,0.0555555555555556
CZ,Cases,stat_ensemble,2021-05-17,0.1
CZ,Cases,stat_ensemble,2021-05-24,0.111111111111111
CZ,Cases,stat_ensemble,2021-05-31,0.125
GB,Cases,stat_ensemble,2021-05-10,0.0714285714285714
GB,Cases,stat_ensemble,2021-05-17,0.125
GB,Cases,stat_ensemble,2021-05-24,0.125
GB,Cases,stat_ensemble,2021-05-31,0.142857142857143
PL,Cases,stat_ensemble,2021-05-10,0.0454545454545455
PL,Cases,stat_ensemble,2021-05-17,0.0833333333333333
PL,Cases,stat_ensemble,2021-05-24,0.0833333333333333
PL,Cases,stat_ensemble,2021-05-31,0.0909090909090909
