location,target_type,weights,model,forecast_date
CZ,Cases,0,mech_ensemble,2021-04-12
CZ,Deaths,0,mech_ensemble,2021-04-12
DE,Cases,0,mech_ensemble,2021-04-12
DE,Deaths,0.622065727699531,mech_ensemble,2021-04-12
FR,Cases,0.578624162915798,mech_ensemble,2021-04-12
FR,Deaths,0.0421802460452787,mech_ensemble,2021-04-12
GB,Cases,1,mech_ensemble,2021-04-12
GB,Deaths,0,mech_ensemble,2021-04-12
PL,Cases,0.927862169486893,mech_ensemble,2021-04-12
PL,Deaths,0,mech_ensemble,2021-04-12
CZ,Cases,1,semi_ensemble,2021-04-12
CZ,Deaths,1,semi_ensemble,2021-04-12
DE,Cases,0.450059248499675,semi_ensemble,2021-04-12
DE,Deaths,0,semi_ensemble,2021-04-12
FR,Cases,0,semi_ensemble,2021-04-12
FR,Deaths,0.590383075300021,semi_ensemble,2021-04-12
GB,Cases,0,semi_ensemble,2021-04-12
GB,Deaths,0.442080378250591,semi_ensemble,2021-04-12
PL,Cases,0.0721378305131066,semi_ensemble,2021-04-12
PL,Deaths,0.423087621696801,semi_ensemble,2021-04-12
CZ,Deaths,0,stat_ensemble,2021-04-12
DE,Cases,0.549940751500325,stat_ensemble,2021-04-12
DE,Deaths,0.37793427230047,stat_ensemble,2021-04-12
FR,Cases,0.421375837084202,stat_ensemble,2021-04-12
FR,Deaths,0.3674366786547,stat_ensemble,2021-04-12
GB,Deaths,0.557919621749409,stat_ensemble,2021-04-12
PL,Deaths,0.576912378303199,stat_ensemble,2021-04-12
CZ,Cases,0,mech_ensemble,2021-04-19
CZ,Deaths,0,mech_ensemble,2021-04-19
DE,Cases,0,mech_ensemble,2021-04-19
DE,Deaths,0.661699966136133,mech_ensemble,2021-04-19
FR,Cases,0.429256607779623,mech_ensemble,2021-04-19
FR,Deaths,0.275975120693251,mech_ensemble,2021-04-19
GB,Cases,1,mech_ensemble,2021-04-19
GB,Deaths,0,mech_ensemble,2021-04-19
PL,Cases,0,mech_ensemble,2021-04-19
PL,Deaths,0,mech_ensemble,2021-04-19
CZ,Cases,1,semi_ensemble,2021-04-19
CZ,Deaths,0.978378378378378,semi_ensemble,2021-04-19
DE,Cases,0.406739120850051,semi_ensemble,2021-04-19
DE,Deaths,0,semi_ensemble,2021-04-19
FR,Cases,0,semi_ensemble,2021-04-19
FR,Deaths,0.245123140672892,semi_ensemble,2021-04-19
GB,Cases,0,semi_ensemble,2021-04-19
GB,Deaths,0.444444444444444,semi_ensemble,2021-04-19
PL,Cases,1,semi_ensemble,2021-04-19
PL,Deaths,0.364606741573033,semi_ensemble,2021-04-19
CZ,Deaths,0.0216216216216217,stat_ensemble,2021-04-19
DE,Cases,0.593260879149949,stat_ensemble,2021-04-19
DE,Deaths,0.338300033863867,stat_ensemble,2021-04-19
FR,Cases,0.570743392220377,stat_ensemble,2021-04-19
FR,Deaths,0.478901738633857,stat_ensemble,2021-04-19
GB,Deaths,0.555555555555556,stat_ensemble,2021-04-19
PL,Deaths,0.635393258426967,stat_ensemble,2021-04-19
CZ,Cases,0.0901060737609,mech_ensemble,2021-04-26
CZ,Deaths,0,mech_ensemble,2021-04-26
DE,Cases,0.638094436652296,mech_ensemble,2021-04-26
DE,Deaths,0.216989904037904,mech_ensemble,2021-04-26
FR,Cases,0.612411304453427,mech_ensemble,2021-04-26
FR,Deaths,0,mech_ensemble,2021-04-26
GB,Cases,0.898617511520737,mech_ensemble,2021-04-26
GB,Deaths,0,mech_ensemble,2021-04-26
PL,Cases,0,mech_ensemble,2021-04-26
PL,Deaths,0.168670612650296,mech_ensemble,2021-04-26
CZ,Cases,0.9098939262391,semi_ensemble,2021-04-26
CZ,Deaths,0.724812030075188,semi_ensemble,2021-04-26
DE,Cases,0.0651434240789481,semi_ensemble,2021-04-26
DE,Deaths,0.460206003757755,semi_ensemble,2021-04-26
FR,Cases,0,semi_ensemble,2021-04-26
FR,Deaths,0.0524653874180228,semi_ensemble,2021-04-26
GB,Cases,0.101382488479263,semi_ensemble,2021-04-26
GB,Deaths,0.291666666666667,semi_ensemble,2021-04-26
PL,Cases,1,semi_ensemble,2021-04-26
PL,Deaths,0.180851751063881,semi_ensemble,2021-04-26
CZ,Deaths,0.275187969924812,stat_ensemble,2021-04-26
DE,Cases,0.296762139268756,stat_ensemble,2021-04-26
DE,Deaths,0.322804092204341,stat_ensemble,2021-04-26
FR,Cases,0.387588695546573,stat_ensemble,2021-04-26
FR,Deaths,0.947534612581977,stat_ensemble,2021-04-26
GB,Deaths,0.708333333333333,stat_ensemble,2021-04-26
PL,Deaths,0.650477636285823,stat_ensemble,2021-04-26
CZ,Cases,0.431281301245402,mech_ensemble,2021-05-03
CZ,Deaths,0,mech_ensemble,2021-05-03
DE,Cases,0,mech_ensemble,2021-05-03
DE,Deaths,0.565068493150685,mech_ensemble,2021-05-03
FR,Cases,0,mech_ensemble,2021-05-03
FR,Deaths,0,mech_ensemble,2021-05-03
GB,Cases,1,mech_ensemble,2021-05-03
GB,Deaths,0,mech_ensemble,2021-05-03
PL,Cases,0,mech_ensemble,2021-05-03
PL,Deaths,0.0464601596283189,mech_ensemble,2021-05-03
CZ,Cases,0.568718698754598,semi_ensemble,2021-05-03
CZ,Deaths,0.285714285714286,semi_ensemble,2021-05-03
DE,Cases,0.415519354141137,semi_ensemble,2021-05-03
DE,Deaths,0.434931506849315,semi_ensemble,2021-05-03
FR,Cases,0.92533543419642,semi_ensemble,2021-05-03
FR,Deaths,0,semi_ensemble,2021-05-03
GB,Cases,0,semi_ensemble,2021-05-03
GB,Deaths,1,semi_ensemble,2021-05-03
PL,Cases,1,semi_ensemble,2021-05-03
PL,Deaths,0.670113246639094,semi_ensemble,2021-05-03
CZ,Deaths,0.714285714285715,stat_ensemble,2021-05-03
DE,Cases,0.584480645858863,stat_ensemble,2021-05-03
DE,Deaths,0,stat_ensemble,2021-05-03
FR,Cases,0.0746645658035802,stat_ensemble,2021-05-03
FR,Deaths,1,stat_ensemble,2021-05-03
GB,Deaths,0,stat_ensemble,2021-05-03
PL,Deaths,0.283426593732587,stat_ensemble,2021-05-03
CZ,Cases,0.632470360512944,mech_ensemble,2021-05-10
CZ,Deaths,0.374045801526718,mech_ensemble,2021-05-10
DE,Cases,0,mech_ensemble,2021-05-10
DE,Deaths,0.509994711792702,mech_ensemble,2021-05-10
FR,Cases,0.521806314721281,mech_ensemble,2021-05-10
FR,Deaths,0,mech_ensemble,2021-05-10
GB,Cases,1,mech_ensemble,2021-05-10
GB,Deaths,0,mech_ensemble,2021-05-10
PL,Cases,0,mech_ensemble,2021-05-10
PL,Deaths,0.0201451150233424,mech_ensemble,2021-05-10
CZ,Cases,0.367529639487056,semi_ensemble,2021-05-10
CZ,Deaths,0.625954198473282,semi_ensemble,2021-05-10
DE,Cases,0.163660083348433,semi_ensemble,2021-05-10
DE,Deaths,0.049932428462307,semi_ensemble,2021-05-10
FR,Cases,0.478193685278719,semi_ensemble,2021-05-10
FR,Deaths,0,semi_ensemble,2021-05-10
GB,Cases,0,semi_ensemble,2021-05-10
GB,Deaths,0.975308641975309,semi_ensemble,2021-05-10
PL,Cases,1,semi_ensemble,2021-05-10
PL,Deaths,0.914411384217335,semi_ensemble,2021-05-10
CZ,Deaths,0,stat_ensemble,2021-05-10
DE,Cases,0.836339916651567,stat_ensemble,2021-05-10
DE,Deaths,0.440072859744991,stat_ensemble,2021-05-10
FR,Cases,0,stat_ensemble,2021-05-10
FR,Deaths,1,stat_ensemble,2021-05-10
GB,Deaths,0.0246913580246915,stat_ensemble,2021-05-10
PL,Deaths,0.0654435007593227,stat_ensemble,2021-05-10
CZ,Cases,0.30722751568673,mech_ensemble,2021-05-17
CZ,Deaths,0.385964912280703,mech_ensemble,2021-05-17
DE,Cases,0,mech_ensemble,2021-05-17
DE,Deaths,0.619140625,mech_ensemble,2021-05-17
FR,Cases,0.795649646998295,mech_ensemble,2021-05-17
FR,Deaths,0,mech_ensemble,2021-05-17
GB,Cases,1,mech_ensemble,2021-05-17
GB,Deaths,0,mech_ensemble,2021-05-17
PL,Cases,0,mech_ensemble,2021-05-17
PL,Deaths,0.327022375215146,mech_ensemble,2021-05-17
CZ,Cases,0.69277248431327,semi_ensemble,2021-05-17
CZ,Deaths,0.614035087719298,semi_ensemble,2021-05-17
DE,Cases,0.0704643998885872,semi_ensemble,2021-05-17
DE,Deaths,0,semi_ensemble,2021-05-17
FR,Cases,0.204350353001705,semi_ensemble,2021-05-17
FR,Deaths,0,semi_ensemble,2021-05-17
GB,Cases,0,semi_ensemble,2021-05-17
GB,Deaths,0.893939393939394,semi_ensemble,2021-05-17
PL,Cases,1,semi_ensemble,2021-05-17
PL,Deaths,0.672977624784854,semi_ensemble,2021-05-17
CZ,Deaths,0,stat_ensemble,2021-05-17
DE,Cases,0.929535600111413,stat_ensemble,2021-05-17
DE,Deaths,0.380859375,stat_ensemble,2021-05-17
FR,Cases,0,stat_ensemble,2021-05-17
FR,Deaths,1,stat_ensemble,2021-05-17
GB,Deaths,0.106060606060606,stat_ensemble,2021-05-17
PL,Deaths,0,stat_ensemble,2021-05-17
CZ,Cases,0,mech_ensemble,2021-05-24
CZ,Deaths,0,mech_ensemble,2021-05-24
DE,Cases,0,mech_ensemble,2021-05-24
DE,Deaths,1,mech_ensemble,2021-05-24
FR,Cases,0,mech_ensemble,2021-05-24
FR,Deaths,0,mech_ensemble,2021-05-24
GB,Cases,0.926335559265442,mech_ensemble,2021-05-24
GB,Deaths,0,mech_ensemble,2021-05-24
PL,Cases,0.085954718493288,mech_ensemble,2021-05-24
PL,Deaths,0,mech_ensemble,2021-05-24
CZ,Cases,1,semi_ensemble,2021-05-24
CZ,Deaths,0.560747663551402,semi_ensemble,2021-05-24
DE,Cases,0.0105611319694532,semi_ensemble,2021-05-24
DE,Deaths,0,semi_ensemble,2021-05-24
FR,Cases,1,semi_ensemble,2021-05-24
FR,Deaths,0.246153846153846,semi_ensemble,2021-05-24
GB,Cases,0.0736644407345577,semi_ensemble,2021-05-24
GB,Deaths,0.678571428571429,semi_ensemble,2021-05-24
PL,Cases,0.914045281506712,semi_ensemble,2021-05-24
PL,Deaths,0.786046511627907,semi_ensemble,2021-05-24
CZ,Deaths,0.439252336448598,stat_ensemble,2021-05-24
DE,Cases,0.989438868030547,stat_ensemble,2021-05-24
DE,Deaths,0,stat_ensemble,2021-05-24
FR,Cases,0,stat_ensemble,2021-05-24
FR,Deaths,0.753846153846154,stat_ensemble,2021-05-24
GB,Deaths,0.321428571428572,stat_ensemble,2021-05-24
PL,Deaths,0.213953488372093,stat_ensemble,2021-05-24
CZ,Cases,0,mech_ensemble,2021-05-31
CZ,Deaths,0,mech_ensemble,2021-05-31
DE,Cases,0,mech_ensemble,2021-05-31
DE,Deaths,1,mech_ensemble,2021-05-31
FR,Cases,0.177863176989769,mech_ensemble,2021-05-31
FR,Deaths,0,mech_ensemble,2021-05-31
GB,Cases,0.5684375,mech_ensemble,2021-05-31
GB,Deaths,0,mech_ensemble,2021-05-31
PL,Cases,0,mech_ensemble,2021-05-31
PL,Deaths,0.0817330079907616,mech_ensemble,2021-05-31
CZ,Cases,1,semi_ensemble,2021-05-31
CZ,Deaths,0.489361702127659,semi_ensemble,2021-05-31
DE,Cases,0.912318939290741,semi_ensemble,2021-05-31
DE,Deaths,0,semi_ensemble,2021-05-31
FR,Cases,0.763000559986214,semi_ensemble,2021-05-31
FR,Deaths,0.720338983050848,semi_ensemble,2021-05-31
GB,Cases,0.4315625,semi_ensemble,2021-05-31
GB,Deaths,0.891304347826087,semi_ensemble,2021-05-31
PL,Cases,1,semi_ensemble,2021-05-31
PL,Deaths,0.651442621118706,semi_ensemble,2021-05-31
CZ,Deaths,0.510638297872341,stat_ensemble,2021-05-31
DE,Cases,0.0876810607092587,stat_ensemble,2021-05-31
DE,Deaths,0,stat_ensemble,2021-05-31
FR,Cases,0.0591362630240173,stat_ensemble,2021-05-31
FR,Deaths,0.279661016949152,stat_ensemble,2021-05-31
GB,Deaths,0.108695652173913,stat_ensemble,2021-05-31
PL,Deaths,0.266824370890532,stat_ensemble,2021-05-31
CZ,Cases,0,mech_ensemble,2021-06-07
CZ,Deaths,0,mech_ensemble,2021-06-07
DE,Cases,0,mech_ensemble,2021-06-07
DE,Deaths,1,mech_ensemble,2021-06-07
FR,Cases,0,mech_ensemble,2021-06-07
FR,Deaths,0.019230769230769,mech_ensemble,2021-06-07
GB,Cases,0.0204703766964117,mech_ensemble,2021-06-07
GB,Deaths,0.370370370370371,mech_ensemble,2021-06-07
PL,Cases,0,mech_ensemble,2021-06-07
PL,Deaths,0.349895470982802,mech_ensemble,2021-06-07
CZ,Cases,1,semi_ensemble,2021-06-07
CZ,Deaths,0.59349593495935,semi_ensemble,2021-06-07
DE,Cases,0.0357290996209683,semi_ensemble,2021-06-07
DE,Deaths,0,semi_ensemble,2021-06-07
FR,Cases,0,semi_ensemble,2021-06-07
FR,Deaths,0.980769230769231,semi_ensemble,2021-06-07
GB,Cases,0.445765505902584,semi_ensemble,2021-06-07
GB,Deaths,0.629629629629629,semi_ensemble,2021-06-07
PL,Cases,0.756746966129325,semi_ensemble,2021-06-07
PL,Deaths,0.556914544302237,semi_ensemble,2021-06-07
CZ,Cases,0,stat_ensemble,2021-06-07
CZ,Deaths,0.40650406504065,stat_ensemble,2021-06-07
DE,Cases,0.964270900379032,stat_ensemble,2021-06-07
DE,Deaths,0,stat_ensemble,2021-06-07
FR,Cases,1,stat_ensemble,2021-06-07
FR,Deaths,0,stat_ensemble,2021-06-07
GB,Cases,0.533764117401004,stat_ensemble,2021-06-07
GB,Deaths,0,stat_ensemble,2021-06-07
PL,Cases,0.243253033870675,stat_ensemble,2021-06-07
PL,Deaths,0.0931899847149613,stat_ensemble,2021-06-07
CZ,Cases,0,mech_ensemble,2021-06-14
CZ,Deaths,0.130393096836051,mech_ensemble,2021-06-14
DE,Cases,0.255758465632743,mech_ensemble,2021-06-14
DE,Deaths,0.941002949852507,mech_ensemble,2021-06-14
FR,Cases,0.373821170025435,mech_ensemble,2021-06-14
FR,Deaths,0.897727272727273,mech_ensemble,2021-06-14
GB,Cases,0,mech_ensemble,2021-06-14
GB,Deaths,0.96,mech_ensemble,2021-06-14
PL,Cases,0,mech_ensemble,2021-06-14
PL,Deaths,0.331360946745562,mech_ensemble,2021-06-14
CZ,Cases,1,semi_ensemble,2021-06-14
CZ,Deaths,0.507190795781399,semi_ensemble,2021-06-14
DE,Cases,0,semi_ensemble,2021-06-14
DE,Deaths,0,semi_ensemble,2021-06-14
FR,Cases,0,semi_ensemble,2021-06-14
FR,Deaths,0,semi_ensemble,2021-06-14
GB,Cases,0.440781776890785,semi_ensemble,2021-06-14
GB,Deaths,0.04,semi_ensemble,2021-06-14
PL,Cases,0.807409879839786,semi_ensemble,2021-06-14
PL,Deaths,0.668639053254438,semi_ensemble,2021-06-14
CZ,Cases,0,stat_ensemble,2021-06-14
CZ,Deaths,0.362416107382551,stat_ensemble,2021-06-14
DE,Cases,0.744241534367257,stat_ensemble,2021-06-14
DE,Deaths,0.0589970501474927,stat_ensemble,2021-06-14
FR,Cases,0.626178829974565,stat_ensemble,2021-06-14
FR,Deaths,0.102272727272727,stat_ensemble,2021-06-14
GB,Cases,0.559218223109215,stat_ensemble,2021-06-14
GB,Deaths,0,stat_ensemble,2021-06-14
PL,Cases,0.192590120160214,stat_ensemble,2021-06-14
PL,Deaths,0,stat_ensemble,2021-06-14
CZ,Cases,0,mech_ensemble,2021-06-21
CZ,Deaths,0.734693877551021,mech_ensemble,2021-06-21
DE,Cases,0.0945210802409172,mech_ensemble,2021-06-21
DE,Deaths,0.888140161725067,mech_ensemble,2021-06-21
FR,Cases,1,mech_ensemble,2021-06-21
FR,Deaths,0.718543046357616,mech_ensemble,2021-06-21
GB,Cases,0,mech_ensemble,2021-06-21
GB,Deaths,1,mech_ensemble,2021-06-21
PL,Cases,0.120842353867349,mech_ensemble,2021-06-21
PL,Deaths,0.530769230769231,mech_ensemble,2021-06-21
CZ,Cases,1,semi_ensemble,2021-06-21
CZ,Deaths,0,semi_ensemble,2021-06-21
DE,Cases,0,semi_ensemble,2021-06-21
DE,Deaths,0,semi_ensemble,2021-06-21
FR,Cases,0,semi_ensemble,2021-06-21
FR,Deaths,0,semi_ensemble,2021-06-21
GB,Cases,0.389543767736302,semi_ensemble,2021-06-21
GB,Deaths,0,semi_ensemble,2021-06-21
PL,Cases,0.879157646132651,semi_ensemble,2021-06-21
PL,Deaths,0.469230769230769,semi_ensemble,2021-06-21
CZ,Cases,0,stat_ensemble,2021-06-21
CZ,Deaths,0.26530612244898,stat_ensemble,2021-06-21
DE,Cases,0.905478919759083,stat_ensemble,2021-06-21
DE,Deaths,0.111859838274933,stat_ensemble,2021-06-21
FR,Cases,0,stat_ensemble,2021-06-21
FR,Deaths,0.281456953642384,stat_ensemble,2021-06-21
GB,Cases,0.610456232263698,stat_ensemble,2021-06-21
GB,Deaths,0,stat_ensemble,2021-06-21
PL,Cases,0,stat_ensemble,2021-06-21
PL,Deaths,0,stat_ensemble,2021-06-21
CZ,Cases,0.526984126984127,mech_ensemble,2021-06-28
CZ,Deaths,0.764705882352941,mech_ensemble,2021-06-28
DE,Cases,0,mech_ensemble,2021-06-28
DE,Deaths,0.7872,mech_ensemble,2021-06-28
FR,Cases,0,mech_ensemble,2021-06-28
FR,Deaths,0.491071428571429,mech_ensemble,2021-06-28
GB,Cases,0,mech_ensemble,2021-06-28
GB,Deaths,0.943478260869565,mech_ensemble,2021-06-28
PL,Cases,0.500678426051561,mech_ensemble,2021-06-28
PL,Deaths,0.8,mech_ensemble,2021-06-28
CZ,Cases,0.473015873015873,semi_ensemble,2021-06-28
CZ,Deaths,0,semi_ensemble,2021-06-28
DE,Cases,1,semi_ensemble,2021-06-28
DE,Deaths,0,semi_ensemble,2021-06-28
FR,Cases,1,semi_ensemble,2021-06-28
FR,Deaths,0.508928571428571,semi_ensemble,2021-06-28
GB,Cases,1,semi_ensemble,2021-06-28
GB,Deaths,0,semi_ensemble,2021-06-28
PL,Cases,0.49932157394844,semi_ensemble,2021-06-28
PL,Deaths,0.2,semi_ensemble,2021-06-28
CZ,Cases,0,stat_ensemble,2021-06-28
CZ,Deaths,0.235294117647059,stat_ensemble,2021-06-28
DE,Cases,0,stat_ensemble,2021-06-28
DE,Deaths,0.2128,stat_ensemble,2021-06-28
FR,Cases,0,stat_ensemble,2021-06-28
FR,Deaths,0,stat_ensemble,2021-06-28
GB,Cases,0,stat_ensemble,2021-06-28
GB,Deaths,0.0565217391304348,stat_ensemble,2021-06-28
PL,Cases,0,stat_ensemble,2021-06-28
PL,Deaths,0,stat_ensemble,2021-06-28
CZ,Cases,0.774193548387097,mech_ensemble,2021-07-05
CZ,Deaths,0.8,mech_ensemble,2021-07-05
DE,Cases,0,mech_ensemble,2021-07-05
DE,Deaths,0.763688760806916,mech_ensemble,2021-07-05
FR,Cases,0,mech_ensemble,2021-07-05
FR,Deaths,0.385826771653543,mech_ensemble,2021-07-05
GB,Cases,0.0798050375580336,mech_ensemble,2021-07-05
GB,Deaths,0.652694610778443,mech_ensemble,2021-07-05
PL,Cases,0.567365269461078,mech_ensemble,2021-07-05
PL,Deaths,0.983870967741936,mech_ensemble,2021-07-05
CZ,Cases,0.225806451612903,semi_ensemble,2021-07-05
CZ,Deaths,0,semi_ensemble,2021-07-05
DE,Cases,1,semi_ensemble,2021-07-05
DE,Deaths,0,semi_ensemble,2021-07-05
FR,Cases,1,semi_ensemble,2021-07-05
FR,Deaths,0.614173228346457,semi_ensemble,2021-07-05
GB,Cases,0.920194962441966,semi_ensemble,2021-07-05
GB,Deaths,0,semi_ensemble,2021-07-05
PL,Cases,0.432634730538922,semi_ensemble,2021-07-05
PL,Deaths,0.0161290322580645,semi_ensemble,2021-07-05
CZ,Cases,0,stat_ensemble,2021-07-05
CZ,Deaths,0.2,stat_ensemble,2021-07-05
DE,Cases,0,stat_ensemble,2021-07-05
DE,Deaths,0.236311239193084,stat_ensemble,2021-07-05
FR,Cases,0,stat_ensemble,2021-07-05
FR,Deaths,0,stat_ensemble,2021-07-05
GB,Cases,0,stat_ensemble,2021-07-05
GB,Deaths,0.347305389221557,stat_ensemble,2021-07-05
PL,Cases,0,stat_ensemble,2021-07-05
PL,Deaths,0,stat_ensemble,2021-07-05
CZ,Cases,0.802046438410075,mech_ensemble,2021-07-12
CZ,Deaths,0.138110072689512,mech_ensemble,2021-07-12
DE,Cases,0.438597752264652,mech_ensemble,2021-07-12
DE,Deaths,0.791505791505792,mech_ensemble,2021-07-12
FR,Cases,0.332922962108886,mech_ensemble,2021-07-12
FR,Deaths,0.282258064516129,mech_ensemble,2021-07-12
GB,Cases,0.0278661546900709,mech_ensemble,2021-07-12
GB,Deaths,0.754716981132076,mech_ensemble,2021-07-12
PL,Cases,0.455375966268447,mech_ensemble,2021-07-12
PL,Deaths,0.726027397260274,mech_ensemble,2021-07-12
CZ,Cases,0,semi_ensemble,2021-07-12
CZ,Deaths,0.828660436137071,semi_ensemble,2021-07-12
DE,Cases,0.415372777310432,semi_ensemble,2021-07-12
DE,Deaths,0,semi_ensemble,2021-07-12
FR,Cases,0.513623878925229,semi_ensemble,2021-07-12
FR,Deaths,0.717741935483871,semi_ensemble,2021-07-12
GB,Cases,0.972133845309929,semi_ensemble,2021-07-12
GB,Deaths,0,semi_ensemble,2021-07-12
PL,Cases,0.544624033731553,semi_ensemble,2021-07-12
PL,Deaths,0.273972602739726,semi_ensemble,2021-07-12
CZ,Cases,0.197953561589925,stat_ensemble,2021-07-12
CZ,Deaths,0.0332294911734164,stat_ensemble,2021-07-12
DE,Cases,0.146029470424916,stat_ensemble,2021-07-12
DE,Deaths,0.208494208494208,stat_ensemble,2021-07-12
FR,Cases,0.153453158965885,stat_ensemble,2021-07-12
FR,Deaths,0,stat_ensemble,2021-07-12
GB,Cases,0,stat_ensemble,2021-07-12
GB,Deaths,0.245283018867924,stat_ensemble,2021-07-12
PL,Cases,0,stat_ensemble,2021-07-12
PL,Deaths,0,stat_ensemble,2021-07-12
CZ,Cases,0.633796503809951,mech_ensemble,2021-07-19
CZ,Deaths,0.6875,mech_ensemble,2021-07-19
DE,Cases,0.766947275143997,mech_ensemble,2021-07-19
DE,Deaths,0.870879120879121,mech_ensemble,2021-07-19
FR,Cases,0.512686622048981,mech_ensemble,2021-07-19
FR,Deaths,0.473988439306358,mech_ensemble,2021-07-19
GB,Cases,0.0279359380697278,mech_ensemble,2021-07-19
GB,Deaths,0.983471074380165,mech_ensemble,2021-07-19
PL,Cases,1,mech_ensemble,2021-07-19
PL,Deaths,0.641025641025641,mech_ensemble,2021-07-19
CZ,Cases,0,semi_ensemble,2021-07-19
CZ,Deaths,0,semi_ensemble,2021-07-19
DE,Cases,0,semi_ensemble,2021-07-19
DE,Deaths,0,semi_ensemble,2021-07-19
FR,Cases,0,semi_ensemble,2021-07-19
FR,Deaths,0.526011560693642,semi_ensemble,2021-07-19
GB,Cases,0.972064061930272,semi_ensemble,2021-07-19
GB,Deaths,0,semi_ensemble,2021-07-19
PL,Cases,0,semi_ensemble,2021-07-19
PL,Deaths,0.358974358974359,semi_ensemble,2021-07-19
CZ,Cases,0.366203496190049,stat_ensemble,2021-07-19
CZ,Deaths,0.3125,stat_ensemble,2021-07-19
DE,Cases,0.233052724856003,stat_ensemble,2021-07-19
DE,Deaths,0.129120879120879,stat_ensemble,2021-07-19
FR,Cases,0.487313377951019,stat_ensemble,2021-07-19
FR,Deaths,0,stat_ensemble,2021-07-19
GB,Cases,0,stat_ensemble,2021-07-19
GB,Deaths,0.0165289256198347,stat_ensemble,2021-07-19
PL,Cases,0,stat_ensemble,2021-07-19
PL,Deaths,0,stat_ensemble,2021-07-19
CZ,Cases,0.778390717139053,mech_ensemble,2021-07-26
CZ,Deaths,0.519650655021835,mech_ensemble,2021-07-26
DE,Cases,0.435165854790072,mech_ensemble,2021-07-26
DE,Deaths,0.774809160305344,mech_ensemble,2021-07-26
FR,Cases,0,mech_ensemble,2021-07-26
FR,Deaths,1,mech_ensemble,2021-07-26
GB,Cases,0.85755190386986,mech_ensemble,2021-07-26
GB,Deaths,1,mech_ensemble,2021-07-26
PL,Cases,0.964593837535014,mech_ensemble,2021-07-26
PL,Deaths,0.421052631578947,mech_ensemble,2021-07-26
CZ,Cases,0,semi_ensemble,2021-07-26
CZ,Deaths,0.349344978165939,semi_ensemble,2021-07-26
DE,Cases,0,semi_ensemble,2021-07-26
DE,Deaths,0,semi_ensemble,2021-07-26
FR,Cases,0.290108938318064,semi_ensemble,2021-07-26
FR,Deaths,0,semi_ensemble,2021-07-26
GB,Cases,0.14244809613014,semi_ensemble,2021-07-26
GB,Deaths,0,semi_ensemble,2021-07-26
PL,Cases,0,semi_ensemble,2021-07-26
PL,Deaths,0.578947368421053,semi_ensemble,2021-07-26
CZ,Cases,0.221609282860947,stat_ensemble,2021-07-26
CZ,Deaths,0.131004366812227,stat_ensemble,2021-07-26
DE,Cases,0.564834145209928,stat_ensemble,2021-07-26
DE,Deaths,0.225190839694656,stat_ensemble,2021-07-26
FR,Cases,0.709891061681936,stat_ensemble,2021-07-26
FR,Deaths,0,stat_ensemble,2021-07-26
GB,Cases,0,stat_ensemble,2021-07-26
GB,Deaths,0,stat_ensemble,2021-07-26
PL,Cases,0.035406162464986,stat_ensemble,2021-07-26
PL,Deaths,0,stat_ensemble,2021-07-26
CZ,Cases,0,mech_ensemble,2021-08-02
CZ,Deaths,0.730769230769231,mech_ensemble,2021-08-02
DE,Cases,0.65474060822898,mech_ensemble,2021-08-02
DE,Deaths,1,mech_ensemble,2021-08-02
FR,Cases,0,mech_ensemble,2021-08-02
FR,Deaths,0.845360824742268,mech_ensemble,2021-08-02
GB,Cases,0,mech_ensemble,2021-08-02
GB,Deaths,1,mech_ensemble,2021-08-02
PL,Cases,0.939176426142803,mech_ensemble,2021-08-02
PL,Deaths,0.125,mech_ensemble,2021-08-02
CZ,Cases,0.990403412120135,semi_ensemble,2021-08-02
CZ,Deaths,0.269230769230769,semi_ensemble,2021-08-02
DE,Cases,0,semi_ensemble,2021-08-02
DE,Deaths,0,semi_ensemble,2021-08-02
FR,Cases,0.414192435628927,semi_ensemble,2021-08-02
FR,Deaths,0,semi_ensemble,2021-08-02
GB,Cases,0.0859869184134686,semi_ensemble,2021-08-02
GB,Deaths,0,semi_ensemble,2021-08-02
PL,Cases,0,semi_ensemble,2021-08-02
PL,Deaths,0.875,semi_ensemble,2021-08-02
CZ,Cases,0.00959658787986496,stat_ensemble,2021-08-02
CZ,Deaths,0,stat_ensemble,2021-08-02
DE,Cases,0.34525939177102,stat_ensemble,2021-08-02
DE,Deaths,0,stat_ensemble,2021-08-02
FR,Cases,0.585807564371073,stat_ensemble,2021-08-02
FR,Deaths,0.154639175257732,stat_ensemble,2021-08-02
GB,Cases,0.914013081586531,stat_ensemble,2021-08-02
GB,Deaths,0,stat_ensemble,2021-08-02
PL,Cases,0.0608235738571968,stat_ensemble,2021-08-02
PL,Deaths,0,stat_ensemble,2021-08-02
CZ,Cases,0,mech_ensemble,2021-08-09
CZ,Deaths,0.75,mech_ensemble,2021-08-09
DE,Cases,0.575348023852019,mech_ensemble,2021-08-09
DE,Deaths,0.644444444444444,mech_ensemble,2021-08-09
FR,Cases,0.368305320462592,mech_ensemble,2021-08-09
FR,Deaths,0.508373205741627,mech_ensemble,2021-08-09
GB,Cases,0,mech_ensemble,2021-08-09
GB,Deaths,1,mech_ensemble,2021-08-09
PL,Cases,0.959218839747272,mech_ensemble,2021-08-09
PL,Deaths,0.583333333333333,mech_ensemble,2021-08-09
CZ,Cases,1,semi_ensemble,2021-08-09
CZ,Deaths,0.25,semi_ensemble,2021-08-09
DE,Cases,0.291174784896565,semi_ensemble,2021-08-09
DE,Deaths,0,semi_ensemble,2021-08-09
FR,Cases,0,semi_ensemble,2021-08-09
FR,Deaths,0,semi_ensemble,2021-08-09
GB,Cases,0,semi_ensemble,2021-08-09
GB,Deaths,0,semi_ensemble,2021-08-09
PL,Cases,0,semi_ensemble,2021-08-09
PL,Deaths,0.416666666666667,semi_ensemble,2021-08-09
CZ,Cases,0,stat_ensemble,2021-08-09
CZ,Deaths,0,stat_ensemble,2021-08-09
DE,Cases,0.133477191251416,stat_ensemble,2021-08-09
DE,Deaths,0.355555555555556,stat_ensemble,2021-08-09
FR,Cases,0.631694679537408,stat_ensemble,2021-08-09
FR,Deaths,0.491626794258373,stat_ensemble,2021-08-09
GB,Cases,1,stat_ensemble,2021-08-09
GB,Deaths,0,stat_ensemble,2021-08-09
PL,Cases,0.0407811602527283,stat_ensemble,2021-08-09
PL,Deaths,0,stat_ensemble,2021-08-09
CZ,Cases,0,mech_ensemble,2021-08-16
CZ,Deaths,0,mech_ensemble,2021-08-16
DE,Cases,0.851874846851342,mech_ensemble,2021-08-16
DE,Deaths,0.158301158301158,mech_ensemble,2021-08-16
FR,Cases,0.300476713507638,mech_ensemble,2021-08-16
FR,Deaths,0.414077362079899,mech_ensemble,2021-08-16
GB,Cases,0,mech_ensemble,2021-08-16
GB,Deaths,0.780821917808219,mech_ensemble,2021-08-16
PL,Cases,0.904435647200514,mech_ensemble,2021-08-16
PL,Deaths,1,mech_ensemble,2021-08-16
CZ,Cases,0.939339875111508,semi_ensemble,2021-08-16
CZ,Deaths,1,semi_ensemble,2021-08-16
DE,Cases,0.0577864970125108,semi_ensemble,2021-08-16
DE,Deaths,0,semi_ensemble,2021-08-16
FR,Cases,0,semi_ensemble,2021-08-16
FR,Deaths,0,semi_ensemble,2021-08-16
GB,Cases,0,semi_ensemble,2021-08-16
GB,Deaths,0,semi_ensemble,2021-08-16
PL,Cases,0.0953375207254306,semi_ensemble,2021-08-16
PL,Deaths,0,semi_ensemble,2021-08-16
CZ,Cases,0.0606601248884924,stat_ensemble,2021-08-16
CZ,Deaths,0,stat_ensemble,2021-08-16
DE,Cases,0.0903386561361469,stat_ensemble,2021-08-16
DE,Deaths,0.841698841698842,stat_ensemble,2021-08-16
FR,Cases,0.699523286492363,stat_ensemble,2021-08-16
FR,Deaths,0.585922637920102,stat_ensemble,2021-08-16
GB,Cases,1,stat_ensemble,2021-08-16
GB,Deaths,0.219178082191781,stat_ensemble,2021-08-16
PL,Cases,0.000226832074055271,stat_ensemble,2021-08-16
PL,Deaths,0,stat_ensemble,2021-08-16
CZ,Cases,0.739348370927318,mech_ensemble,2021-08-23
CZ,Deaths,0.3,mech_ensemble,2021-08-23
DE,Cases,0.850766456266907,mech_ensemble,2021-08-23
DE,Deaths,0,mech_ensemble,2021-08-23
FR,Cases,0.115165235942997,mech_ensemble,2021-08-23
FR,Deaths,0.304109589041096,mech_ensemble,2021-08-23
GB,Cases,0,mech_ensemble,2021-08-23
GB,Deaths,0.50952380952381,mech_ensemble,2021-08-23
PL,Cases,0.944099378881988,mech_ensemble,2021-08-23
PL,Deaths,1,mech_ensemble,2021-08-23
CZ,Cases,0.260651629072682,semi_ensemble,2021-08-23
CZ,Deaths,0.7,semi_ensemble,2021-08-23
DE,Cases,0.149233543733093,semi_ensemble,2021-08-23
DE,Deaths,0,semi_ensemble,2021-08-23
FR,Cases,0,semi_ensemble,2021-08-23
FR,Deaths,0,semi_ensemble,2021-08-23
GB,Cases,0.0859869184134688,semi_ensemble,2021-08-23
GB,Deaths,0,semi_ensemble,2021-08-23
PL,Cases,0.0559006211180122,semi_ensemble,2021-08-23
PL,Deaths,0,semi_ensemble,2021-08-23
CZ,Cases,0,stat_ensemble,2021-08-23
CZ,Deaths,0,stat_ensemble,2021-08-23
DE,Cases,0,stat_ensemble,2021-08-23
DE,Deaths,1,stat_ensemble,2021-08-23
FR,Cases,0.884834764057003,stat_ensemble,2021-08-23
FR,Deaths,0.695890410958904,stat_ensemble,2021-08-23
GB,Cases,0.914013081586531,stat_ensemble,2021-08-23
GB,Deaths,0.49047619047619,stat_ensemble,2021-08-23
PL,Cases,0,stat_ensemble,2021-08-23
PL,Deaths,0,stat_ensemble,2021-08-23
CZ,Cases,0.97638260185003,mech_ensemble,2021-08-30
CZ,Deaths,0.166666666666667,mech_ensemble,2021-08-30
DE,Cases,0.877215093186679,mech_ensemble,2021-08-30
DE,Deaths,0.0604026845637586,mech_ensemble,2021-08-30
FR,Cases,0.510033805653456,mech_ensemble,2021-08-30
FR,Deaths,0.386647101980924,mech_ensemble,2021-08-30
GB,Cases,0,mech_ensemble,2021-08-30
GB,Deaths,0.221752903907075,mech_ensemble,2021-08-30
PL,Cases,1,mech_ensemble,2021-08-30
PL,Deaths,1,mech_ensemble,2021-08-30
CZ,Cases,0,semi_ensemble,2021-08-30
CZ,Deaths,0.833333333333334,semi_ensemble,2021-08-30
DE,Cases,0.122784906813321,semi_ensemble,2021-08-30
DE,Deaths,0,semi_ensemble,2021-08-30
FR,Cases,0,semi_ensemble,2021-08-30
FR,Deaths,0,semi_ensemble,2021-08-30
GB,Cases,0.0300970965043379,semi_ensemble,2021-08-30
GB,Deaths,0,semi_ensemble,2021-08-30
PL,Cases,0,semi_ensemble,2021-08-30
PL,Deaths,0,semi_ensemble,2021-08-30
CZ,Cases,0.0236173981499705,stat_ensemble,2021-08-30
CZ,Deaths,0,stat_ensemble,2021-08-30
DE,Cases,0,stat_ensemble,2021-08-30
DE,Deaths,0.939597315436241,stat_ensemble,2021-08-30
FR,Cases,0.489966194346544,stat_ensemble,2021-08-30
FR,Deaths,0.613352898019076,stat_ensemble,2021-08-30
GB,Cases,0.969902903495662,stat_ensemble,2021-08-30
GB,Deaths,0.778247096092925,stat_ensemble,2021-08-30
PL,Cases,0,stat_ensemble,2021-08-30
PL,Deaths,0,stat_ensemble,2021-08-30
CZ,Cases,0.948837209302325,mech_ensemble,2021-09-06
CZ,Deaths,0.666666666666667,mech_ensemble,2021-09-06
DE,Cases,0.520903488150454,mech_ensemble,2021-09-06
DE,Deaths,0.505181347150259,mech_ensemble,2021-09-06
FR,Cases,0.477388902411921,mech_ensemble,2021-09-06
FR,Deaths,0.386647101980924,mech_ensemble,2021-09-06
GB,Cases,0,mech_ensemble,2021-09-06
GB,Deaths,0.270161290322581,mech_ensemble,2021-09-06
PL,Cases,1,mech_ensemble,2021-09-06
PL,Deaths,0.857142857142857,mech_ensemble,2021-09-06
CZ,Cases,0.0511627906976745,semi_ensemble,2021-09-06
CZ,Deaths,0.333333333333333,semi_ensemble,2021-09-06
DE,Cases,0,semi_ensemble,2021-09-06
DE,Deaths,0,semi_ensemble,2021-09-06
FR,Cases,0.522611097588079,semi_ensemble,2021-09-06
FR,Deaths,0,semi_ensemble,2021-09-06
GB,Cases,0.80585366530465,semi_ensemble,2021-09-06
GB,Deaths,0,semi_ensemble,2021-09-06
PL,Cases,0,semi_ensemble,2021-09-06
PL,Deaths,0.142857142857143,semi_ensemble,2021-09-06
CZ,Cases,0,stat_ensemble,2021-09-06
CZ,Deaths,0,stat_ensemble,2021-09-06
DE,Cases,0.479096511849546,stat_ensemble,2021-09-06
DE,Deaths,0.494818652849741,stat_ensemble,2021-09-06
FR,Cases,0,stat_ensemble,2021-09-06
FR,Deaths,0.613352898019076,stat_ensemble,2021-09-06
GB,Cases,0.19414633469535,stat_ensemble,2021-09-06
GB,Deaths,0.729838709677419,stat_ensemble,2021-09-06
PL,Cases,0,stat_ensemble,2021-09-06
PL,Deaths,0,stat_ensemble,2021-09-06
CZ,Cases,0.852461106860495,mech_ensemble,2021-09-13
CZ,Deaths,0.625,mech_ensemble,2021-09-13
DE,Cases,0.218362786918545,mech_ensemble,2021-09-13
DE,Deaths,0.584210526315789,mech_ensemble,2021-09-13
FR,Cases,0.3226727462553,mech_ensemble,2021-09-13
FR,Deaths,0.309224318658281,mech_ensemble,2021-09-13
GB,Cases,1,mech_ensemble,2021-09-13
GB,Deaths,0.0803324099722983,mech_ensemble,2021-09-13
PL,Cases,0.951273184533166,mech_ensemble,2021-09-13
PL,Deaths,0.327592267135325,mech_ensemble,2021-09-13
CZ,Cases,0,semi_ensemble,2021-09-13
CZ,Deaths,0.375,semi_ensemble,2021-09-13
DE,Cases,0,semi_ensemble,2021-09-13
DE,Deaths,0,semi_ensemble,2021-09-13
FR,Cases,0.6773272537447,semi_ensemble,2021-09-13
FR,Deaths,0,semi_ensemble,2021-09-13
GB,Cases,0,semi_ensemble,2021-09-13
GB,Deaths,0,semi_ensemble,2021-09-13
PL,Cases,0,semi_ensemble,2021-09-13
PL,Deaths,0.654833040421793,semi_ensemble,2021-09-13
CZ,Cases,0.147538893139505,stat_ensemble,2021-09-13
CZ,Deaths,0,stat_ensemble,2021-09-13
DE,Cases,0.781637213081455,stat_ensemble,2021-09-13
DE,Deaths,0.415789473684211,stat_ensemble,2021-09-13
FR,Cases,0,stat_ensemble,2021-09-13
FR,Deaths,0.690775681341719,stat_ensemble,2021-09-13
GB,Cases,0,stat_ensemble,2021-09-13
GB,Deaths,0.919667590027702,stat_ensemble,2021-09-13
PL,Cases,0.0487268154668343,stat_ensemble,2021-09-13
PL,Deaths,0.0175746924428822,stat_ensemble,2021-09-13
CZ,Cases,0.67952211276462,mech_ensemble,2021-09-20
CZ,Deaths,0.333333333333333,mech_ensemble,2021-09-20
DE,Cases,0,mech_ensemble,2021-09-20
DE,Deaths,0.674371859296482,mech_ensemble,2021-09-20
FR,Cases,0.122506954768248,mech_ensemble,2021-09-20
FR,Deaths,0.131657878762631,mech_ensemble,2021-09-20
GB,Cases,0.191066751329471,mech_ensemble,2021-09-20
GB,Deaths,0.223001402524545,mech_ensemble,2021-09-20
PL,Cases,0.43059066102279,mech_ensemble,2021-09-20
PL,Deaths,0.116758241758242,mech_ensemble,2021-09-20
CZ,Cases,0,semi_ensemble,2021-09-20
CZ,Deaths,0.666666666666667,semi_ensemble,2021-09-20
DE,Cases,0,semi_ensemble,2021-09-20
DE,Deaths,0,semi_ensemble,2021-09-20
FR,Cases,0.877493045231752,semi_ensemble,2021-09-20
FR,Deaths,0.0825428187152598,semi_ensemble,2021-09-20
GB,Cases,0,semi_ensemble,2021-09-20
GB,Deaths,0,semi_ensemble,2021-09-20
PL,Cases,0.445651800385984,semi_ensemble,2021-09-20
PL,Deaths,0.76510989010989,semi_ensemble,2021-09-20
CZ,Cases,0.32047788723538,stat_ensemble,2021-09-20
CZ,Deaths,0,stat_ensemble,2021-09-20
DE,Cases,1,stat_ensemble,2021-09-20
DE,Deaths,0.325628140703518,stat_ensemble,2021-09-20
FR,Cases,0,stat_ensemble,2021-09-20
FR,Deaths,0.785799302522109,stat_ensemble,2021-09-20
GB,Cases,0.808933248670529,stat_ensemble,2021-09-20
GB,Deaths,0.776998597475456,stat_ensemble,2021-09-20
PL,Cases,0.123757538591227,stat_ensemble,2021-09-20
PL,Deaths,0.118131868131868,stat_ensemble,2021-09-20
CZ,Cases,0.652139335135995,mech_ensemble,2021-09-27
CZ,Deaths,0.285714285714286,mech_ensemble,2021-09-27
DE,Cases,0,mech_ensemble,2021-09-27
DE,Deaths,0.827089337175793,mech_ensemble,2021-09-27
FR,Cases,0.450539172535211,mech_ensemble,2021-09-27
FR,Deaths,0,mech_ensemble,2021-09-27
GB,Cases,0.466666666666667,mech_ensemble,2021-09-27
GB,Deaths,0.579322638146168,mech_ensemble,2021-09-27
PL,Cases,0,mech_ensemble,2021-09-27
PL,Deaths,0.696428571428572,mech_ensemble,2021-09-27
CZ,Cases,0,semi_ensemble,2021-09-27
CZ,Deaths,0.714285714285714,semi_ensemble,2021-09-27
DE,Cases,0.626240290298804,semi_ensemble,2021-09-27
DE,Deaths,0.172910662824208,semi_ensemble,2021-09-27
FR,Cases,0.549460827464789,semi_ensemble,2021-09-27
FR,Deaths,0.45360824742268,semi_ensemble,2021-09-27
GB,Cases,0,semi_ensemble,2021-09-27
GB,Deaths,0,semi_ensemble,2021-09-27
PL,Cases,1,semi_ensemble,2021-09-27
PL,Deaths,0,semi_ensemble,2021-09-27
CZ,Cases,0.347860664864005,stat_ensemble,2021-09-27
CZ,Deaths,0,stat_ensemble,2021-09-27
DE,Cases,0.373759709701196,stat_ensemble,2021-09-27
DE,Deaths,0,stat_ensemble,2021-09-27
FR,Cases,0,stat_ensemble,2021-09-27
FR,Deaths,0.54639175257732,stat_ensemble,2021-09-27
GB,Cases,0.533333333333333,stat_ensemble,2021-09-27
GB,Deaths,0.420677361853832,stat_ensemble,2021-09-27
PL,Cases,0,stat_ensemble,2021-09-27
PL,Deaths,0.303571428571428,stat_ensemble,2021-09-27
CZ,Cases,0.740853658536585,mech_ensemble,2021-10-04
CZ,Deaths,0.285714285714286,mech_ensemble,2021-10-04
DE,Cases,0,mech_ensemble,2021-10-04
DE,Deaths,0.987220447284345,mech_ensemble,2021-10-04
FR,Cases,0.807644431427107,mech_ensemble,2021-10-04
FR,Deaths,0.238095238095238,mech_ensemble,2021-10-04
GB,Cases,0.641102121471981,mech_ensemble,2021-10-04
GB,Deaths,0.827757125154895,mech_ensemble,2021-10-04
PL,Cases,0.454073848031737,mech_ensemble,2021-10-04
PL,Deaths,0.813953488372093,mech_ensemble,2021-10-04
CZ,Cases,0,semi_ensemble,2021-10-04
CZ,Deaths,0.714285714285714,semi_ensemble,2021-10-04
DE,Cases,0.440622094497507,semi_ensemble,2021-10-04
DE,Deaths,0.0127795527156549,semi_ensemble,2021-10-04
FR,Cases,0.192355568572893,semi_ensemble,2021-10-04
FR,Deaths,0.761904761904762,semi_ensemble,2021-10-04
GB,Cases,0,semi_ensemble,2021-10-04
GB,Deaths,0.172242874845105,semi_ensemble,2021-10-04
PL,Cases,0.545926151968263,semi_ensemble,2021-10-04
PL,Deaths,0,semi_ensemble,2021-10-04
CZ,Cases,0.259146341463415,stat_ensemble,2021-10-04
CZ,Deaths,0,stat_ensemble,2021-10-04
DE,Cases,0.559377905502493,stat_ensemble,2021-10-04
DE,Deaths,0,stat_ensemble,2021-10-04
FR,Cases,0,stat_ensemble,2021-10-04
FR,Deaths,0,stat_ensemble,2021-10-04
GB,Cases,0.358897878528019,stat_ensemble,2021-10-04
GB,Deaths,0,stat_ensemble,2021-10-04
PL,Cases,0,stat_ensemble,2021-10-04
PL,Deaths,0.186046511627907,stat_ensemble,2021-10-04
CZ,Cases,0.882859379076441,mech_ensemble,2021-10-11
CZ,Deaths,0.625,mech_ensemble,2021-10-11
DE,Cases,0.771709035992952,mech_ensemble,2021-10-11
DE,Deaths,0.892857142857143,mech_ensemble,2021-10-11
FR,Cases,0.89211706900235,mech_ensemble,2021-10-11
FR,Deaths,0.263959390862944,mech_ensemble,2021-10-11
GB,Cases,0.706851679982347,mech_ensemble,2021-10-11
GB,Deaths,0.897058823529411,mech_ensemble,2021-10-11
PL,Cases,0.610017889087657,mech_ensemble,2021-10-11
PL,Deaths,0.732758620689655,mech_ensemble,2021-10-11
CZ,Cases,0,semi_ensemble,2021-10-11
CZ,Deaths,0.375,semi_ensemble,2021-10-11
DE,Cases,0,semi_ensemble,2021-10-11
DE,Deaths,0,semi_ensemble,2021-10-11
FR,Cases,0.10788293099765,semi_ensemble,2021-10-11
FR,Deaths,0.736040609137056,semi_ensemble,2021-10-11
GB,Cases,0,semi_ensemble,2021-10-11
GB,Deaths,0.102941176470589,semi_ensemble,2021-10-11
PL,Cases,0.389982110912343,semi_ensemble,2021-10-11
PL,Deaths,0,semi_ensemble,2021-10-11
CZ,Cases,0.117140620923559,stat_ensemble,2021-10-11
CZ,Deaths,0,stat_ensemble,2021-10-11
DE,Cases,0.228290964007048,stat_ensemble,2021-10-11
DE,Deaths,0.107142857142857,stat_ensemble,2021-10-11
FR,Cases,0,stat_ensemble,2021-10-11
FR,Deaths,0,stat_ensemble,2021-10-11
GB,Cases,0.293148320017653,stat_ensemble,2021-10-11
GB,Deaths,0,stat_ensemble,2021-10-11
PL,Cases,0,stat_ensemble,2021-10-11
PL,Deaths,0.267241379310345,stat_ensemble,2021-10-11
CZ,Cases,0.717267571987774,mech_ensemble,2021-10-18
CZ,Deaths,1,mech_ensemble,2021-10-18
DE,Cases,0.287612881240416,mech_ensemble,2021-10-18
DE,Deaths,0.78515625,mech_ensemble,2021-10-18
FR,Cases,0.902435374089122,mech_ensemble,2021-10-18
FR,Deaths,0.48314606741573,mech_ensemble,2021-10-18
GB,Cases,0.259370579377272,mech_ensemble,2021-10-18
GB,Deaths,1,mech_ensemble,2021-10-18
PL,Cases,0.670347596938135,mech_ensemble,2021-10-18
PL,Deaths,0.670620246982488,mech_ensemble,2021-10-18
CZ,Cases,0.264243739603388,semi_ensemble,2021-10-18
CZ,Deaths,0,semi_ensemble,2021-10-18
DE,Cases,0,semi_ensemble,2021-10-18
DE,Deaths,0,semi_ensemble,2021-10-18
FR,Cases,0.0630767102470408,semi_ensemble,2021-10-18
FR,Deaths,0.51685393258427,semi_ensemble,2021-10-18
GB,Cases,0,semi_ensemble,2021-10-18
GB,Deaths,0,semi_ensemble,2021-10-18
PL,Cases,0.329652403061865,semi_ensemble,2021-10-18
PL,Deaths,0.0941184678713458,semi_ensemble,2021-10-18
CZ,Cases,0.0184886884088377,stat_ensemble,2021-10-18
CZ,Deaths,0,stat_ensemble,2021-10-18
DE,Cases,0.712387118759584,stat_ensemble,2021-10-18
DE,Deaths,0.21484375,stat_ensemble,2021-10-18
FR,Cases,0.0344879156638374,stat_ensemble,2021-10-18
FR,Deaths,0,stat_ensemble,2021-10-18
GB,Cases,0.740629420622728,stat_ensemble,2021-10-18
GB,Deaths,0,stat_ensemble,2021-10-18
PL,Cases,0,stat_ensemble,2021-10-18
PL,Deaths,0.235261285146166,stat_ensemble,2021-10-18
CZ,Cases,0,mech_ensemble,2021-10-25
CZ,Deaths,0.605633802816901,mech_ensemble,2021-10-25
DE,Cases,0,mech_ensemble,2021-10-25
DE,Deaths,0.804034582132565,mech_ensemble,2021-10-25
FR,Cases,0.802607663294145,mech_ensemble,2021-10-25
FR,Deaths,0.577777777777778,mech_ensemble,2021-10-25
GB,Cases,0.2693427122359,mech_ensemble,2021-10-25
GB,Deaths,0.993846153846154,mech_ensemble,2021-10-25
PL,Cases,0,mech_ensemble,2021-10-25
PL,Deaths,0.843082524271844,mech_ensemble,2021-10-25
CZ,Cases,0.979741455640163,semi_ensemble,2021-10-25
CZ,Deaths,0.394366197183099,semi_ensemble,2021-10-25
DE,Cases,0.208514257576436,semi_ensemble,2021-10-25
DE,Deaths,0,semi_ensemble,2021-10-25
FR,Cases,0,semi_ensemble,2021-10-25
FR,Deaths,0.422222222222222,semi_ensemble,2021-10-25
GB,Cases,0.7306572877641,semi_ensemble,2021-10-25
GB,Deaths,0.00615384615384607,semi_ensemble,2021-10-25
PL,Cases,0.957594633445136,semi_ensemble,2021-10-25
PL,Deaths,0.146966019417476,semi_ensemble,2021-10-25
CZ,Cases,0.0202585443598372,stat_ensemble,2021-10-25
CZ,Deaths,0,stat_ensemble,2021-10-25
DE,Cases,0.791485742423564,stat_ensemble,2021-10-25
DE,Deaths,0.195965417867435,stat_ensemble,2021-10-25
FR,Cases,0.197392336705855,stat_ensemble,2021-10-25
FR,Deaths,0,stat_ensemble,2021-10-25
GB,Cases,0,stat_ensemble,2021-10-25
GB,Deaths,0,stat_ensemble,2021-10-25
PL,Cases,0.0424053665548635,stat_ensemble,2021-10-25
PL,Deaths,0.00995145631067953,stat_ensemble,2021-10-25
CZ,Cases,0,mech_ensemble,2021-11-01
CZ,Deaths,0,mech_ensemble,2021-11-01
DE,Cases,0.101238502868591,mech_ensemble,2021-11-01
DE,Deaths,0.377483443708609,mech_ensemble,2021-11-01
FR,Cases,0.774431806824315,mech_ensemble,2021-11-01
FR,Deaths,0.683544303797468,mech_ensemble,2021-11-01
GB,Cases,0.63594764591861,mech_ensemble,2021-11-01
GB,Deaths,0.674871794871795,mech_ensemble,2021-11-01
PL,Cases,0,mech_ensemble,2021-11-01
PL,Deaths,0.526077097505669,mech_ensemble,2021-11-01
CZ,Cases,1,semi_ensemble,2021-11-01
CZ,Deaths,1,semi_ensemble,2021-11-01
DE,Cases,0.898761497131409,semi_ensemble,2021-11-01
DE,Deaths,0,semi_ensemble,2021-11-01
FR,Cases,0,semi_ensemble,2021-11-01
FR,Deaths,0.316455696202532,semi_ensemble,2021-11-01
GB,Cases,0.36405235408139,semi_ensemble,2021-11-01
GB,Deaths,0.325128205128205,semi_ensemble,2021-11-01
PL,Cases,1,semi_ensemble,2021-11-01
PL,Deaths,0.473922902494331,semi_ensemble,2021-11-01
CZ,Cases,0,stat_ensemble,2021-11-01
CZ,Deaths,0,stat_ensemble,2021-11-01
DE,Cases,0,stat_ensemble,2021-11-01
DE,Deaths,0.622516556291391,stat_ensemble,2021-11-01
FR,Cases,0.225568193175685,stat_ensemble,2021-11-01
FR,Deaths,0,stat_ensemble,2021-11-01
GB,Cases,0,stat_ensemble,2021-11-01
GB,Deaths,0,stat_ensemble,2021-11-01
PL,Cases,0,stat_ensemble,2021-11-01
PL,Deaths,0,stat_ensemble,2021-11-01
CZ,Cases,0,mech_ensemble,2021-11-08
CZ,Deaths,0,mech_ensemble,2021-11-08
DE,Cases,0,mech_ensemble,2021-11-08
DE,Deaths,0.0174990330407061,mech_ensemble,2021-11-08
FR,Cases,0.830802866512814,mech_ensemble,2021-11-08
FR,Deaths,0.818181818181818,mech_ensemble,2021-11-08
GB,Cases,0,mech_ensemble,2021-11-08
GB,Deaths,0.591880341880342,mech_ensemble,2021-11-08
PL,Cases,0,mech_ensemble,2021-11-08
PL,Deaths,0.7616,mech_ensemble,2021-11-08
CZ,Cases,1,semi_ensemble,2021-11-08
CZ,Deaths,1,semi_ensemble,2021-11-08
DE,Cases,1,semi_ensemble,2021-11-08
DE,Deaths,0.299476083873463,semi_ensemble,2021-11-08
FR,Cases,0,semi_ensemble,2021-11-08
FR,Deaths,0.181818181818182,semi_ensemble,2021-11-08
GB,Cases,0,semi_ensemble,2021-11-08
GB,Deaths,0.408119658119658,semi_ensemble,2021-11-08
PL,Cases,1,semi_ensemble,2021-11-08
PL,Deaths,0.2384,semi_ensemble,2021-11-08
CZ,Cases,0,stat_ensemble,2021-11-08
CZ,Deaths,0,stat_ensemble,2021-11-08
DE,Cases,0,stat_ensemble,2021-11-08
DE,Deaths,0.683024883085831,stat_ensemble,2021-11-08
FR,Cases,0.169197133487186,stat_ensemble,2021-11-08
FR,Deaths,0,stat_ensemble,2021-11-08
GB,Cases,1,stat_ensemble,2021-11-08
GB,Deaths,0,stat_ensemble,2021-11-08
PL,Cases,0,stat_ensemble,2021-11-08
PL,Deaths,0,stat_ensemble,2021-11-08
CZ,Cases,0.30932397375248,mech_ensemble,2021-11-15
CZ,Deaths,0,mech_ensemble,2021-11-15
DE,Cases,0,mech_ensemble,2021-11-15
DE,Deaths,0.431059506531205,mech_ensemble,2021-11-15
FR,Cases,0.511953662544004,mech_ensemble,2021-11-15
FR,Deaths,0.968992248062016,mech_ensemble,2021-11-15
GB,Cases,0,mech_ensemble,2021-11-15
GB,Deaths,0.875513799177921,mech_ensemble,2021-11-15
PL,Cases,0.262324455936978,mech_ensemble,2021-11-15
PL,Deaths,0.936635944700461,mech_ensemble,2021-11-15
CZ,Cases,0.69067602624752,semi_ensemble,2021-11-15
CZ,Deaths,1,semi_ensemble,2021-11-15
DE,Cases,1,semi_ensemble,2021-11-15
DE,Deaths,0.568940493468795,semi_ensemble,2021-11-15
FR,Cases,0.416358132241523,semi_ensemble,2021-11-15
FR,Deaths,0.0310077519379845,semi_ensemble,2021-11-15
GB,Cases,0,semi_ensemble,2021-11-15
GB,Deaths,0.124486200822079,semi_ensemble,2021-11-15
PL,Cases,0.517035349264778,semi_ensemble,2021-11-15
PL,Deaths,0.0633640552995392,semi_ensemble,2021-11-15
CZ,Cases,0,stat_ensemble,2021-11-15
CZ,Deaths,0,stat_ensemble,2021-11-15
DE,Cases,0,stat_ensemble,2021-11-15
DE,Deaths,0,stat_ensemble,2021-11-15
FR,Cases,0.0716882052144732,stat_ensemble,2021-11-15
FR,Deaths,0,stat_ensemble,2021-11-15
GB,Cases,1,stat_ensemble,2021-11-15
GB,Deaths,0,stat_ensemble,2021-11-15
PL,Cases,0.220640194798244,stat_ensemble,2021-11-15
PL,Deaths,0,stat_ensemble,2021-11-15
CZ,Cases,0.747968076772424,mech_ensemble,2021-11-22
CZ,Deaths,0.335483870967742,mech_ensemble,2021-11-22
DE,Cases,0.934504096792495,mech_ensemble,2021-11-22
DE,Deaths,0.766839378238342,mech_ensemble,2021-11-22
FR,Cases,0,mech_ensemble,2021-11-22
FR,Deaths,0.685714285714286,mech_ensemble,2021-11-22
GB,Cases,0,mech_ensemble,2021-11-22
GB,Deaths,1,mech_ensemble,2021-11-22
PL,Cases,0.237722141690945,mech_ensemble,2021-11-22
PL,Deaths,0.953755921497857,mech_ensemble,2021-11-22
CZ,Cases,0,semi_ensemble,2021-11-22
CZ,Deaths,0.664516129032258,semi_ensemble,2021-11-22
DE,Cases,0.0654959032075048,semi_ensemble,2021-11-22
DE,Deaths,0.233160621761658,semi_ensemble,2021-11-22
FR,Cases,1,semi_ensemble,2021-11-22
FR,Deaths,0.314285714285714,semi_ensemble,2021-11-22
GB,Cases,0,semi_ensemble,2021-11-22
GB,Deaths,0,semi_ensemble,2021-11-22
PL,Cases,0.229306623686665,semi_ensemble,2021-11-22
PL,Deaths,0.0462440785021428,semi_ensemble,2021-11-22
CZ,Cases,0.252031923227576,stat_ensemble,2021-11-22
CZ,Deaths,0,stat_ensemble,2021-11-22
DE,Cases,0,stat_ensemble,2021-11-22
DE,Deaths,0,stat_ensemble,2021-11-22
FR,Cases,0,stat_ensemble,2021-11-22
FR,Deaths,0,stat_ensemble,2021-11-22
GB,Cases,1,stat_ensemble,2021-11-22
GB,Deaths,0,stat_ensemble,2021-11-22
PL,Cases,0.53297123462239,stat_ensemble,2021-11-22
PL,Deaths,0,stat_ensemble,2021-11-22
CZ,Cases,0.455364180214126,mech_ensemble,2021-11-29
CZ,Deaths,0.423329927560357,mech_ensemble,2021-11-29
DE,Cases,0.38981929507827,mech_ensemble,2021-11-29
DE,Deaths,0.980929678188319,mech_ensemble,2021-11-29
FR,Cases,0,mech_ensemble,2021-11-29
FR,Deaths,0.508982035928144,mech_ensemble,2021-11-29
GB,Cases,0,mech_ensemble,2021-11-29
GB,Deaths,0.867467180429231,mech_ensemble,2021-11-29
PL,Cases,0.048819912504961,mech_ensemble,2021-11-29
PL,Deaths,0.81455190771961,mech_ensemble,2021-11-29
CZ,Cases,0.0692554319562996,semi_ensemble,2021-11-29
CZ,Deaths,0.287169802656503,semi_ensemble,2021-11-29
DE,Cases,0.406894229271723,semi_ensemble,2021-11-29
DE,Deaths,0,semi_ensemble,2021-11-29
FR,Cases,1,semi_ensemble,2021-11-29
FR,Deaths,0.491017964071856,semi_ensemble,2021-11-29
GB,Cases,0,semi_ensemble,2021-11-29
GB,Deaths,0.128455575966665,semi_ensemble,2021-11-29
PL,Cases,0.186904503390538,semi_ensemble,2021-11-29
PL,Deaths,0,semi_ensemble,2021-11-29
CZ,Cases,0.475380387829575,stat_ensemble,2021-11-29
CZ,Deaths,0.28950026978314,stat_ensemble,2021-11-29
DE,Cases,0.203286475650007,stat_ensemble,2021-11-29
DE,Deaths,0.0190703218116807,stat_ensemble,2021-11-29
FR,Cases,0,stat_ensemble,2021-11-29
FR,Deaths,0,stat_ensemble,2021-11-29
GB,Cases,1,stat_ensemble,2021-11-29
GB,Deaths,0.00407724360410414,stat_ensemble,2021-11-29
PL,Cases,0.764275584104501,stat_ensemble,2021-11-29
PL,Deaths,0.18544809228039,stat_ensemble,2021-11-29
CZ,Cases,0.268917497783307,mech_ensemble,2021-12-06
CZ,Deaths,0.415238095238095,mech_ensemble,2021-12-06
DE,Cases,0.0365510752337578,mech_ensemble,2021-12-06
DE,Deaths,0.418775462743646,mech_ensemble,2021-12-06
FR,Cases,0,mech_ensemble,2021-12-06
FR,Deaths,0.515580736543909,mech_ensemble,2021-12-06
GB,Cases,0,mech_ensemble,2021-12-06
GB,Deaths,0.99781181619256,mech_ensemble,2021-12-06
PL,Cases,0.161762922029786,mech_ensemble,2021-12-06
PL,Deaths,0.682432432432433,mech_ensemble,2021-12-06
CZ,Cases,0,semi_ensemble,2021-12-06
CZ,Deaths,0,semi_ensemble,2021-12-06
DE,Cases,0.349406676977867,semi_ensemble,2021-12-06
DE,Deaths,0.106448264872826,semi_ensemble,2021-12-06
FR,Cases,1,semi_ensemble,2021-12-06
FR,Deaths,0.484419263456091,semi_ensemble,2021-12-06
GB,Cases,0,semi_ensemble,2021-12-06
GB,Deaths,0,semi_ensemble,2021-12-06
PL,Cases,0,semi_ensemble,2021-12-06
PL,Deaths,0,semi_ensemble,2021-12-06
CZ,Cases,0.731082502216693,stat_ensemble,2021-12-06
CZ,Deaths,0.584761904761905,stat_ensemble,2021-12-06
DE,Cases,0.614042247788375,stat_ensemble,2021-12-06
DE,Deaths,0.474776272383528,stat_ensemble,2021-12-06
FR,Cases,0,stat_ensemble,2021-12-06
FR,Deaths,0,stat_ensemble,2021-12-06
GB,Cases,1,stat_ensemble,2021-12-06
GB,Deaths,0.00218818380743982,stat_ensemble,2021-12-06
PL,Cases,0.838237077970214,stat_ensemble,2021-12-06
PL,Deaths,0.317567567567568,stat_ensemble,2021-12-06
CZ,Cases,0.115332217244254,mech_ensemble,2021-12-13
CZ,Deaths,0.138975966562174,mech_ensemble,2021-12-13
DE,Cases,0.0891283496193275,mech_ensemble,2021-12-13
DE,Deaths,0,mech_ensemble,2021-12-13
FR,Cases,0.677815712667712,mech_ensemble,2021-12-13
FR,Deaths,0.70021186440678,mech_ensemble,2021-12-13
GB,Cases,0,mech_ensemble,2021-12-13
GB,Deaths,0.672995780590718,mech_ensemble,2021-12-13
PL,Cases,0.0886184704322969,mech_ensemble,2021-12-13
PL,Deaths,0.20955002900294,mech_ensemble,2021-12-13
CZ,Cases,0,semi_ensemble,2021-12-13
CZ,Deaths,0,semi_ensemble,2021-12-13
DE,Cases,0,semi_ensemble,2021-12-13
DE,Deaths,0,semi_ensemble,2021-12-13
FR,Cases,0.322184287332288,semi_ensemble,2021-12-13
FR,Deaths,0.29978813559322,semi_ensemble,2021-12-13
GB,Cases,0.113719381177482,semi_ensemble,2021-12-13
GB,Deaths,0,semi_ensemble,2021-12-13
PL,Cases,0,semi_ensemble,2021-12-13
PL,Deaths,0.263370782675318,semi_ensemble,2021-12-13
CZ,Cases,0.884667782755746,stat_ensemble,2021-12-13
CZ,Deaths,0.861024033437827,stat_ensemble,2021-12-13
DE,Cases,0.910871650380672,stat_ensemble,2021-12-13
DE,Deaths,1,stat_ensemble,2021-12-13
FR,Cases,0,stat_ensemble,2021-12-13
FR,Deaths,0,stat_ensemble,2021-12-13
GB,Cases,0.886280618822518,stat_ensemble,2021-12-13
GB,Deaths,0.327004219409283,stat_ensemble,2021-12-13
PL,Cases,0.911381529567703,stat_ensemble,2021-12-13
PL,Deaths,0.527079188321742,stat_ensemble,2021-12-13
CZ,Cases,0.275553735367394,mech_ensemble,2021-12-20
CZ,Deaths,0,mech_ensemble,2021-12-20
DE,Cases,0,mech_ensemble,2021-12-20
DE,Deaths,0.0481751824817522,mech_ensemble,2021-12-20
FR,Cases,0.279204507709621,mech_ensemble,2021-12-20
FR,Deaths,0.431695634514923,mech_ensemble,2021-12-20
GB,Cases,0,mech_ensemble,2021-12-20
GB,Deaths,0.0471204188481675,mech_ensemble,2021-12-20
PL,Cases,0,mech_ensemble,2021-12-20
PL,Deaths,0.854150504266873,mech_ensemble,2021-12-20
CZ,Cases,0,semi_ensemble,2021-12-20
CZ,Deaths,0,semi_ensemble,2021-12-20
DE,Cases,0,semi_ensemble,2021-12-20
DE,Deaths,0,semi_ensemble,2021-12-20
FR,Cases,0.197513447110238,semi_ensemble,2021-12-20
FR,Deaths,0.14265906639963,semi_ensemble,2021-12-20
GB,Cases,1,semi_ensemble,2021-12-20
GB,Deaths,0,semi_ensemble,2021-12-20
PL,Cases,0,semi_ensemble,2021-12-20
PL,Deaths,0,semi_ensemble,2021-12-20
CZ,Cases,0.724446264632606,stat_ensemble,2021-12-20
CZ,Deaths,1,stat_ensemble,2021-12-20
DE,Cases,1,stat_ensemble,2021-12-20
DE,Deaths,0.951824817518248,stat_ensemble,2021-12-20
FR,Cases,0.523282045180141,stat_ensemble,2021-12-20
FR,Deaths,0.425645299085447,stat_ensemble,2021-12-20
GB,Cases,0,stat_ensemble,2021-12-20
GB,Deaths,0.952879581151833,stat_ensemble,2021-12-20
PL,Cases,1,stat_ensemble,2021-12-20
PL,Deaths,0.145849495733127,stat_ensemble,2021-12-20
CZ,Cases,1,mech_ensemble,2021-12-27
CZ,Deaths,0,mech_ensemble,2021-12-27
DE,Cases,0,mech_ensemble,2021-12-27
DE,Deaths,0.436781609195402,mech_ensemble,2021-12-27
FR,Cases,0.101833391685678,mech_ensemble,2021-12-27
FR,Deaths,0.0391911709324839,mech_ensemble,2021-12-27
GB,Cases,0,mech_ensemble,2021-12-27
GB,Deaths,0,mech_ensemble,2021-12-27
PL,Cases,0,mech_ensemble,2021-12-27
PL,Deaths,0,mech_ensemble,2021-12-27
CZ,Cases,0,semi_ensemble,2021-12-27
CZ,Deaths,0,semi_ensemble,2021-12-27
DE,Cases,0,semi_ensemble,2021-12-27
DE,Deaths,0,semi_ensemble,2021-12-27
FR,Cases,0.357805178299988,semi_ensemble,2021-12-27
FR,Deaths,0.169183772025041,semi_ensemble,2021-12-27
GB,Cases,1,semi_ensemble,2021-12-27
GB,Deaths,0,semi_ensemble,2021-12-27
PL,Cases,0,semi_ensemble,2021-12-27
PL,Deaths,0,semi_ensemble,2021-12-27
CZ,Cases,0,stat_ensemble,2021-12-27
CZ,Deaths,1,stat_ensemble,2021-12-27
DE,Cases,1,stat_ensemble,2021-12-27
DE,Deaths,0.563218390804598,stat_ensemble,2021-12-27
FR,Cases,0.540361430014334,stat_ensemble,2021-12-27
FR,Deaths,0.791625057042475,stat_ensemble,2021-12-27
GB,Cases,0,stat_ensemble,2021-12-27
GB,Deaths,1,stat_ensemble,2021-12-27
PL,Cases,1,stat_ensemble,2021-12-27
PL,Deaths,1,stat_ensemble,2021-12-27
CZ,Cases,0,mech_ensemble,2022-01-03
CZ,Deaths,0,mech_ensemble,2022-01-03
DE,Cases,0,mech_ensemble,2022-01-03
DE,Deaths,1,mech_ensemble,2022-01-03
FR,Cases,0.471602600287707,mech_ensemble,2022-01-03
FR,Deaths,0.0435967302452317,mech_ensemble,2022-01-03
GB,Cases,0,mech_ensemble,2022-01-03
GB,Deaths,0.28463476070529,mech_ensemble,2022-01-03
PL,Cases,0,mech_ensemble,2022-01-03
PL,Deaths,0.299999999999999,mech_ensemble,2022-01-03
CZ,Cases,1,semi_ensemble,2022-01-03
CZ,Deaths,0,semi_ensemble,2022-01-03
DE,Cases,0,semi_ensemble,2022-01-03
DE,Deaths,0,semi_ensemble,2022-01-03
FR,Cases,0.528397399712293,semi_ensemble,2022-01-03
FR,Deaths,0,semi_ensemble,2022-01-03
GB,Cases,1,semi_ensemble,2022-01-03
GB,Deaths,0,semi_ensemble,2022-01-03
PL,Cases,1,semi_ensemble,2022-01-03
PL,Deaths,0,semi_ensemble,2022-01-03
CZ,Cases,0,stat_ensemble,2022-01-03
CZ,Deaths,1,stat_ensemble,2022-01-03
DE,Cases,1,stat_ensemble,2022-01-03
DE,Deaths,0,stat_ensemble,2022-01-03
FR,Cases,0,stat_ensemble,2022-01-03
FR,Deaths,0.956403269754768,stat_ensemble,2022-01-03
GB,Cases,0,stat_ensemble,2022-01-03
GB,Deaths,0.71536523929471,stat_ensemble,2022-01-03
PL,Cases,0,stat_ensemble,2022-01-03
PL,Deaths,0.700000000000001,stat_ensemble,2022-01-03
CZ,Cases,0.0674759816114885,mech_ensemble,2022-01-10
CZ,Deaths,0,mech_ensemble,2022-01-10
DE,Cases,0.61606292032372,mech_ensemble,2022-01-10
DE,Deaths,0.996899224806202,mech_ensemble,2022-01-10
FR,Cases,1,mech_ensemble,2022-01-10
FR,Deaths,0.0971834559756408,mech_ensemble,2022-01-10
GB,Cases,1,mech_ensemble,2022-01-10
GB,Deaths,0.446615432740145,mech_ensemble,2022-01-10
PL,Cases,0.406696679797411,mech_ensemble,2022-01-10
PL,Deaths,0.605128559097695,mech_ensemble,2022-01-10
CZ,Cases,0.831227450902104,semi_ensemble,2022-01-10
CZ,Deaths,0,semi_ensemble,2022-01-10
DE,Cases,0.38393707967628,semi_ensemble,2022-01-10
DE,Deaths,0.00310077519379842,semi_ensemble,2022-01-10
FR,Cases,0,semi_ensemble,2022-01-10
FR,Deaths,0,semi_ensemble,2022-01-10
GB,Cases,0,semi_ensemble,2022-01-10
GB,Deaths,0.119775153379537,semi_ensemble,2022-01-10
PL,Cases,0.593303320202589,semi_ensemble,2022-01-10
PL,Deaths,0.0608248590478387,semi_ensemble,2022-01-10
CZ,Cases,0.101296567486407,stat_ensemble,2022-01-10
CZ,Deaths,1,stat_ensemble,2022-01-10
DE,Cases,0,stat_ensemble,2022-01-10
DE,Deaths,0,stat_ensemble,2022-01-10
FR,Cases,0,stat_ensemble,2022-01-10
FR,Deaths,0.902816544024359,stat_ensemble,2022-01-10
GB,Cases,0,stat_ensemble,2022-01-10
GB,Deaths,0.433609413880318,stat_ensemble,2022-01-10
PL,Cases,0,stat_ensemble,2022-01-10
PL,Deaths,0.334046581854467,stat_ensemble,2022-01-10
CZ,Cases,0.234179968964797,mech_ensemble,2022-01-17
CZ,Deaths,0,mech_ensemble,2022-01-17
DE,Cases,0.79232291173596,mech_ensemble,2022-01-17
DE,Deaths,1,mech_ensemble,2022-01-17
FR,Cases,1,mech_ensemble,2022-01-17
FR,Deaths,0.0763266295129635,mech_ensemble,2022-01-17
GB,Cases,0.599498189769879,mech_ensemble,2022-01-17
GB,Deaths,0.840468909276249,mech_ensemble,2022-01-17
PL,Cases,0.455300754184806,mech_ensemble,2022-01-17
PL,Deaths,0.708615282074796,mech_ensemble,2022-01-17
CZ,Cases,0.765820031035203,semi_ensemble,2022-01-17
CZ,Deaths,0,semi_ensemble,2022-01-17
DE,Cases,0.20767708826404,semi_ensemble,2022-01-17
DE,Deaths,0,semi_ensemble,2022-01-17
FR,Cases,0,semi_ensemble,2022-01-17
FR,Deaths,0,semi_ensemble,2022-01-17
GB,Cases,0,semi_ensemble,2022-01-17
GB,Deaths,0.159531090723751,semi_ensemble,2022-01-17
PL,Cases,0.544699245815194,semi_ensemble,2022-01-17
PL,Deaths,0.110375398549269,semi_ensemble,2022-01-17
CZ,Cases,0,stat_ensemble,2022-01-17
CZ,Deaths,1,stat_ensemble,2022-01-17
DE,Cases,0,stat_ensemble,2022-01-17
DE,Deaths,0,stat_ensemble,2022-01-17
FR,Cases,0,stat_ensemble,2022-01-17
FR,Deaths,0.923673370487036,stat_ensemble,2022-01-17
GB,Cases,0.400501810230121,stat_ensemble,2022-01-17
GB,Deaths,0,stat_ensemble,2022-01-17
PL,Cases,0,stat_ensemble,2022-01-17
PL,Deaths,0.181009319375935,stat_ensemble,2022-01-17
CZ,Cases,0.60790202160565,mech_ensemble,2022-01-24
CZ,Deaths,0.961111111111111,mech_ensemble,2022-01-24
DE,Cases,1,mech_ensemble,2022-01-24
DE,Deaths,0,mech_ensemble,2022-01-24
FR,Cases,1,mech_ensemble,2022-01-24
FR,Deaths,0.00883912787271656,mech_ensemble,2022-01-24
GB,Cases,0.0927472683888288,mech_ensemble,2022-01-24
GB,Deaths,0.995425434583714,mech_ensemble,2022-01-24
PL,Cases,1,mech_ensemble,2022-01-24
PL,Deaths,0.309992966281969,mech_ensemble,2022-01-24
CZ,Cases,0.39209797839435,semi_ensemble,2022-01-24
CZ,Deaths,0,semi_ensemble,2022-01-24
DE,Cases,0,semi_ensemble,2022-01-24
DE,Deaths,0,semi_ensemble,2022-01-24
FR,Cases,0,semi_ensemble,2022-01-24
FR,Deaths,0,semi_ensemble,2022-01-24
GB,Cases,0,semi_ensemble,2022-01-24
GB,Deaths,0.00457456541628547,semi_ensemble,2022-01-24
PL,Cases,0,semi_ensemble,2022-01-24
PL,Deaths,0.678565733937705,semi_ensemble,2022-01-24
CZ,Cases,0,stat_ensemble,2022-01-24
CZ,Deaths,0.038888888888889,stat_ensemble,2022-01-24
DE,Cases,0,stat_ensemble,2022-01-24
DE,Deaths,1,stat_ensemble,2022-01-24
FR,Cases,0,stat_ensemble,2022-01-24
FR,Deaths,0.991160872127283,stat_ensemble,2022-01-24
GB,Cases,0.907252731611171,stat_ensemble,2022-01-24
GB,Deaths,0,stat_ensemble,2022-01-24
PL,Cases,0,stat_ensemble,2022-01-24
PL,Deaths,0.011441299780326,stat_ensemble,2022-01-24
CZ,Cases,1,mech_ensemble,2022-01-31
CZ,Deaths,1,mech_ensemble,2022-01-31
DE,Cases,1,mech_ensemble,2022-01-31
DE,Deaths,0,mech_ensemble,2022-01-31
FR,Cases,0.772636023720697,mech_ensemble,2022-01-31
FR,Deaths,0.0972663699936427,mech_ensemble,2022-01-31
GB,Cases,0,mech_ensemble,2022-01-31
GB,Deaths,0.717640926325265,mech_ensemble,2022-01-31
PL,Cases,1,mech_ensemble,2022-01-31
PL,Deaths,1,mech_ensemble,2022-01-31
CZ,Cases,0,semi_ensemble,2022-01-31
CZ,Deaths,0,semi_ensemble,2022-01-31
DE,Cases,0,semi_ensemble,2022-01-31
DE,Deaths,0,semi_ensemble,2022-01-31
FR,Cases,0.0245779410751841,semi_ensemble,2022-01-31
FR,Deaths,0,semi_ensemble,2022-01-31
GB,Cases,0,semi_ensemble,2022-01-31
GB,Deaths,0.00206228791545205,semi_ensemble,2022-01-31
PL,Cases,0,semi_ensemble,2022-01-31
PL,Deaths,0,semi_ensemble,2022-01-31
CZ,Cases,0,stat_ensemble,2022-01-31
CZ,Deaths,0,stat_ensemble,2022-01-31
DE,Cases,0,stat_ensemble,2022-01-31
DE,Deaths,1,stat_ensemble,2022-01-31
FR,Cases,0.202786035204119,stat_ensemble,2022-01-31
FR,Deaths,0.902733630006357,stat_ensemble,2022-01-31
GB,Cases,1,stat_ensemble,2022-01-31
GB,Deaths,0.280296785759283,stat_ensemble,2022-01-31
PL,Cases,0,stat_ensemble,2022-01-31
PL,Deaths,0,stat_ensemble,2022-01-31
